None,1,1,0.9750761985778809,-5.0
-0.4987170372472396,1,1,1.0836949348449707,-13.0
-0.3139720633382357,1,1,0.5113589763641357,41.0
-0.24112472209332397,1,1,0.9072930812835693,19.0
-0.164475817401225,1,1,0.3073248863220215,43.0
None,1,2,0.9375557899475098,-1.0
-0.4745091513320145,1,2,0.6361186504364014,20.0
-0.27261837022550106,1,2,0.49945998191833496,27.0
-0.2250512654776784,1,2,0.7509675025939941,32.0
-0.1410996256917794,1,2,0.3316812515258789,39.0
None,1,3,0.9735395908355713,-0.0
-0.41007115916461745,1,3,1.364356279373169,-3.0
-0.22579477787240604,1,3,0.7874135971069336,17.0
-0.3044676548572758,1,3,0.3147552013397217,39.0
-0.1415932568680939,1,3,0.39986181259155273,44.0
None,1,4,1.0339221954345703,-8.0
-0.41504314018725325,1,4,0.7633941173553467,40.0
-0.391454158167822,1,4,0.5391497611999512,13.0
-0.2806220810301048,1,4,0.45933079719543457,31.0
-0.17550180979435076,1,4,0.4678459167480469,47.0
None,1,5,1.4518201351165771,-4.0
-0.4864770774690889,1,5,0.7876465320587158,6.0
-0.3287127162052732,1,5,0.571232795715332,18.0
-0.21227626295083674,1,5,0.6245026588439941,45.0
-0.11041421110668852,1,5,0.5236914157867432,48.0
None,1,6,1.169835090637207,-5.0
-0.4356380143617215,1,6,0.4952881336212158,-4.0
-0.32099770865639016,1,6,0.567570686340332,17.00000000569294
-0.27285362820098985,1,6,0.4594130516052246,39.0
-0.05356976816138189,1,6,0.2865302562713623,50.0
None,1,7,0.8748998641967773,-3.0
-0.38927096304236053,1,7,0.6975452899932861,8.0
-0.366878369507243,1,7,0.4548377990722656,22.0
-0.2824258101650511,1,7,0.35883092880249023,35.0
-0.09782102772365009,1,7,0.29715800285339355,46.0
None,1,8,0.9490783214569092,-0.0
-0.4002390495645852,1,8,0.8123424053192139,-10.0
-0.29564071049769386,1,8,0.5873243808746338,22.0
-0.22003118293319932,1,8,0.3271205425262451,35.0
-0.08487712810066389,1,8,0.5355880260467529,46.0
None,1,9,0.7256081104278564,-2.0
-0.4327193500990598,1,9,0.5753271579742432,10.0
-0.3173931517832881,1,9,0.39199018478393555,25.0
-0.24273522319720914,1,9,0.3210604190826416,41.0
-0.15322748334627018,1,9,0.2978241443634033,48.0
None,1,10,0.8166790008544922,-3.0
-0.37299068638974636,1,10,0.31859683990478516,29.0
-0.2689517393945433,1,10,0.39658308029174805,11.0
-0.2618076135084801,1,10,0.8432939052581787,7.0
-0.14164814103429443,1,10,0.30219554901123047,48.0
None,2,1,1.157496690750122,10.20833333333332
-0.4987170372472396,2,1,0.7101850509643555,36.17925925925926
-0.3139720633382357,2,1,0.7433176040649414,41.090322580645164
-0.24112472209332397,2,1,0.9287431240081787,46.351247600767756
-0.164475817401225,2,1,0.730966329574585,45.90625
None,2,2,1.5387611389160156,8.122448979591828
-0.4745091513320145,2,2,1.1379313468933105,37.566579634464745
-0.27261837022550106,2,2,0.7350513935089111,42.42909760589319
-0.2250512654776784,2,2,0.8777859210968018,44.01468428781204
-0.1410996256917794,2,2,0.4649350643157959,42.94472361809046
None,2,3,0.9072184562683105,13.810126582278475
-0.41007115916461745,2,3,0.49840712547302246,30.875245579567782
-0.22579477787240604,2,3,0.46881699562072754,44.27077747989276
-0.3044676548572758,2,3,0.5483241081237793,40.83863080684597
-0.1415932568680939,2,3,0.4061160087585449,45.79761904761905
None,2,4,1.5156781673431396,8.187499999999998
-0.41504314018725325,2,4,0.6599795818328857,40.662337662337656
-0.391454158167822,2,4,0.7512686252593994,35.19798657718125
-0.2806220810301048,2,4,0.8153495788574219,46.94642857142857
-0.17550180979435076,2,4,0.8832881450653076,47.12738853503185
None,2,5,0.8313076496124268,10.230769230769234
-0.4864770774690889,2,5,0.8053159713745117,31.87671232876712
-0.3287127162052732,2,5,0.6524965763092041,37.66077738515901
-0.21227626295083674,2,5,0.633373498916626,45.14541387024609
-0.11041421110668852,2,5,0.5383241176605225,48.834983498349835
None,2,6,0.8165345191955566,16.315789473684198
-0.4356380143617215,2,6,0.8273401260375977,31.3076923076923
-0.32099770865639016,2,6,0.6415777206420898,41.69397042093288
-0.27285362820098985,2,6,1.1645493507385254,40.1865889212828
-0.05356976816138189,2,6,0.49141907691955566,50.0
None,2,7,0.8445789813995361,16.0752688172043
-0.38927096304236053,2,7,0.6484124660491943,45.214854111405835
-0.366878369507243,2,7,0.6702280044555664,37.48042704626335
-0.2824258101650511,2,7,0.7099514007568359,39.67400419287212
-0.09782102772365009,2,7,0.5584137439727783,46.54433497536946
None,2,8,0.6247775554656982,13.406015037593981
-0.4002390495645852,2,8,0.6584830284118652,40.003984063745015
-0.29564071049769386,2,8,0.6288671493530273,40.051724137931046
-0.22003118293319932,2,8,0.7394678592681885,42.33333333333333
-0.08487712810066389,2,8,0.5943403244018555,46.586956521739125
None,2,9,1.4737679958343506,12.964912280701752
-0.4327193500990598,2,9,0.9966740608215332,40.69924812030075
-0.3173931517832881,2,9,0.61769700050354,44.29479768786126
-0.24273522319720914,2,9,0.6798181533813477,41.816326530612244
-0.15322748334627018,2,9,0.6636829376220703,49.30081300813008
None,2,10,1.1154510974884033,8.222222222222221
-0.37299068638974636,2,10,0.611534833908081,33.093750000000036
-0.2689517393945433,2,10,0.6811923980712891,41.43230403800475
-0.2618076135084801,2,10,0.915684700012207,37.13235294117647
-0.14164814103429443,2,10,0.6749999523162842,48.0
None,3,1,0.5899007320404053,15.260504201680662
-0.4987170372472396,3,1,0.6127889156341553,42.33429894391095
-0.3139720633382357,3,1,1.154252052307129,41.57397930085246
-0.24112472209332397,3,1,0.8349893093109131,46.36060991470679
-0.164475817401225,3,1,0.5918352603912354,45.90625
None,3,2,0.7400460243225098,19.19779527559055
-0.4745091513320145,3,2,0.6322238445281982,40.8614530272527
-0.27261837022550106,3,2,0.5866684913635254,46.20359838693
-0.2250512654776784,3,2,0.6754834651947021,47.908099613540514
-0.1410996256917794,3,2,0.5885059833526611,42.94472361809046
None,3,3,0.6483409404754639,26.02864721485411
-0.41007115916461745,3,3,0.7090139389038086,33.179768279088464
-0.22579477787240604,3,3,0.692218542098999,44.27077747989276
-0.3044676548572758,3,3,0.6346750259399414,42.415435706695
-0.1415932568680939,3,3,0.607184886932373,46.45939651289969
None,3,4,0.6551403999328613,16.544303797468356
-0.41504314018725325,3,4,0.5877516269683838,43.299355215658466
-0.391454158167822,3,4,0.6318936347961426,43.53641711091781
-0.2806220810301048,3,4,0.6994247436523438,46.94642857142857
-0.17550180979435076,3,4,0.5204586982727051,47.12738853503185
None,3,5,0.6916909217834473,15.758835758835756
-0.4864770774690889,3,5,0.6870801448822021,40.35718620603555
-0.3287127162052732,3,5,0.5874004364013672,41.74633287966896
-0.21227626295083674,3,5,0.5794641971588135,45.224760397108824
-0.11041421110668852,3,5,1.0754034519195557,48.834983498349835
None,3,6,0.7608695030212402,18.262658763759532
-0.4356380143617215,3,6,0.6084682941436768,40.93042865300879
-0.32099770865639016,3,6,0.6227397918701172,43.726982328021535
-0.27285362820098985,3,6,0.55716872215271,44.01678690887442
-0.05356976816138189,3,6,0.49036407470703125,50.0
None,3,7,0.4585402011871338,25.074509803921565
-0.38927096304236053,3,7,0.5479445457458496,47.69784623090409
-0.366878369507243,3,7,0.6813831329345703,40.63916280036982
-0.2824258101650511,3,7,0.9908943176269531,42.67508399013835
-0.09782102772365009,3,7,1.2586956024169922,46.54433497536947
None,3,8,0.6943678855895996,19.246994895438828
-0.4002390495645852,3,8,0.6193201541900635,41.315847077988195
-0.29564071049769386,3,8,0.6274204254150391,41.10046824477277
-0.22003118293319932,3,8,0.7651951313018799,43.895590410798484
-0.08487712810066389,3,8,0.5945723056793213,46.586956521739125
None,3,9,0.7310242652893066,18.835468644639242
-0.4327193500990598,3,9,0.9407131671905518,41.91185023686303
-0.3173931517832881,3,9,0.3912186622619629,44.398179850385596
-0.24273522319720914,3,9,0.47461962699890137,43.08630095944147
-0.15322748334627018,3,9,0.42188191413879395,49.300813008130085
None,3,10,0.6940066814422607,19.44269638369934
-0.37299068638974636,3,10,1.131838321685791,38.646520554254785
-0.2689517393945433,3,10,0.5156381130218506,42.21830483037411
-0.2618076135084801,3,10,0.49033427238464355,39.392147756716625
-0.14164814103429443,3,10,0.46367383003234863,48.0
None,4,1,0.6925098896026611,19.782946984639967
-0.4987170372472396,4,1,0.6128695011138916,42.35717533691849
-0.3139720633382357,4,1,0.5952908992767334,41.57397930085246
-0.24112472209332397,4,1,0.8997921943664551,46.358144376850255
-0.164475817401225,4,1,0.5766537189483643,45.90625
None,4,2,0.677109956741333,21.554089199562995
-0.4745091513320145,4,2,0.5619137287139893,41.007768286749325
-0.27261837022550106,4,2,0.5479960441589355,46.30182572405657
-0.2250512654776784,4,2,0.5709996223449707,47.908099613540514
-0.1410996256917794,4,2,1.050410270690918,42.94472361809045
None,4,3,0.7329034805297852,28.704990082535012
-0.41007115916461745,4,3,0.4960465431213379,33.7222085602572
-0.22579477787240604,4,3,0.4016106128692627,44.27077747989276
-0.3044676548572758,4,3,0.42458605766296387,42.45691809527493
-0.1415932568680939,4,3,0.3619687557220459,46.92364031823902
None,4,4,0.6146454811096191,19.3642319343209
-0.41504314018725325,4,4,0.5699300765991211,45.20295517603469
-0.391454158167822,4,4,0.6144964694976807,43.53641711091781
-0.2806220810301048,4,4,0.8931598663330078,46.94642857142857
-0.17550180979435076,4,4,0.8961544036865234,47.12738853503185
None,4,5,0.7497577667236328,18.457643085265264
-0.4864770774690889,4,5,0.5946884155273438,40.35718620603555
-0.3287127162052732,4,5,0.5465798377990723,41.74633287966896
-0.21227626295083674,4,5,1.0661861896514893,45.224760397108824
-0.11041421110668852,4,5,0.7468748092651367,48.834983498349835
None,4,6,0.49060845375061035,21.566201947750244
-0.4356380143617215,4,6,0.41239380836486816,41.1820559292521
-0.32099770865639016,4,6,0.441758394241333,43.757405561449616
-0.27285362820098985,4,6,0.4161956310272217,44.21876605069036
-0.05356976816138189,4,6,0.28434276580810547,50.0
None,4,7,0.4618101119995117,26.06808940585031
-0.38927096304236053,4,7,0.5142548084259033,47.752197748971014
-0.366878369507243,4,7,0.5060913562774658,41.68942290838159
-0.2824258101650511,4,7,0.3722662925720215,43.67069108317353
-0.09782102772365009,4,7,0.3724691867828369,46.54433497536946
None,4,8,0.4336366653442383,20.76875915129969
-0.4002390495645852,4,8,0.581702709197998,41.315847077988195
-0.29564071049769386,4,8,1.0001494884490967,41.10046824477277
-0.22003118293319932,4,8,0.6241357326507568,43.90407780458886
-0.08487712810066389,4,8,0.7796130180358887,46.586956521739125
None,4,9,0.4851198196411133,21.193701712536047
-0.4327193500990598,4,9,0.9318850040435791,41.938032423509085
-0.3173931517832881,4,9,0.6915099620819092,45.1638904364438
-0.24273522319720914,4,9,0.6144576072692871,43.17116294551579
-0.15322748334627018,4,9,0.7246139049530029,49.30081300813008
None,4,10,0.5757803916931152,31.555361491893393
-0.37299068638974636,4,10,0.6044597625732422,40.969243461583815
-0.2689517393945433,4,10,0.7375850677490234,42.21830483037411
-0.2618076135084801,4,10,0.38314294815063477,40.58922273248452
-0.14164814103429443,4,10,0.31745266914367676,48.0
None,5,1,0.4415132999420166,20.000246950492887
-0.4987170372472396,5,1,0.7642650604248047,42.35717533691849
-0.3139720633382357,5,1,0.6011066436767578,41.57397930085246
-0.24112472209332397,5,1,0.8495137691497803,46.36060991470679
-0.164475817401225,5,1,0.59771728515625,45.90625
None,5,2,0.6893887519836426,23.079152611967963
-0.4745091513320145,5,2,0.6319973468780518,41.007768286749325
-0.27261837022550106,5,2,0.6113095283508301,46.30182572405657
-0.2250512654776784,5,2,0.4472649097442627,47.908099613540514
-0.1410996256917794,5,2,0.695244312286377,42.94472361809046
None,5,3,0.5782890319824219,29.76754289996535
-0.41007115916461745,5,3,0.6302411556243896,33.7222085602572
-0.22579477787240604,5,3,0.6451065540313721,44.27077747989276
-0.3044676548572758,5,3,0.41369104385375977,42.53842994461505
-0.1415932568680939,5,3,0.370192289352417,46.92364031823902
None,5,4,0.5920991897583008,23.908292319740212
-0.41504314018725325,5,4,0.4003760814666748,45.21440732931634
-0.391454158167822,5,4,0.8354618549346924,43.53641711091782
-0.2806220810301048,5,4,0.6076419353485107,46.94642857142857
-0.17550180979435076,5,4,0.711529016494751,47.12738853503185
None,5,5,0.8016693592071533,18.457643085265275
-0.4864770774690889,5,5,0.6361513137817383,40.35718620603555
-0.3287127162052732,5,5,0.543182373046875,41.74633287966897
-0.21227626295083674,5,5,0.5655081272125244,45.224760397108824
-0.11041421110668852,5,5,0.7614395618438721,48.834983498349835
None,5,6,0.6737539768218994,21.6926771668295
-0.4356380143617215,5,6,0.6085205078125,41.1820559292521
-0.32099770865639016,5,6,0.5712568759918213,43.757405561449616
-0.27285362820098985,5,6,0.5639772415161133,44.21876605069036
-0.05356976816138189,5,6,0.47337937355041504,50.0
None,5,7,0.6982131004333496,26.83041915951624
-0.38927096304236053,5,7,0.6633446216583252,47.752197748971014
-0.366878369507243,5,7,0.4031217098236084,41.86937268152561
-0.2824258101650511,5,7,0.3619515895843506,43.67069108317353
-0.09782102772365009,5,7,0.37027907371520996,46.54433497536946
None,5,8,0.4303572177886963,22.485184089967852
-0.4002390495645852,5,8,0.34837937355041504,41.315847077988195
-0.29564071049769386,5,8,0.6447818279266357,41.10046824477277
-0.22003118293319932,5,8,0.4230670928955078,43.90407780458886
-0.08487712810066389,5,8,0.3332839012145996,46.58695652173914
None,5,9,0.4083065986633301,22.8329597053709
-0.4327193500990598,5,9,0.8811063766479492,41.93803242350908
-0.3173931517832881,5,9,0.6150765419006348,45.1638904364438
-0.24273522319720914,5,9,0.3790726661682129,43.17116294551579
-0.15322748334627018,5,9,0.4195563793182373,49.30081300813008
None,5,10,0.4605083465576172,32.473322858598955
-0.37299068638974636,5,10,0.6007888317108154,41.293506864091114
-0.2689517393945433,5,10,0.7861886024475098,42.21830483037411
-0.2618076135084801,5,10,0.39485979080200195,41.59340639708182
-0.14164814103429443,5,10,0.4762082099914551,48.0
None,6,1,0.45767736434936523,20.520066330131378
-0.4987170372472396,6,1,0.5621068477630615,42.35717533691849
-0.3139720633382357,6,1,0.5620145797729492,41.57397930085246
-0.24112472209332397,6,1,0.5736527442932129,46.36060991470679
-0.164475817401225,6,1,0.5370686054229736,45.90625
None,6,2,0.604966402053833,24.146968614944488
-0.4745091513320145,6,2,0.5861842632293701,41.007768286749325
-0.27261837022550106,6,2,0.7964956760406494,46.30182572405657
-0.2250512654776784,6,2,0.550478458404541,47.908099613540514
-0.1410996256917794,6,2,1.0091753005981445,42.94472361809046
None,6,3,0.4238438606262207,30.50892532496362
-0.41007115916461745,6,3,0.6419742107391357,33.7222085602572
-0.22579477787240604,6,3,0.9062056541442871,44.27077747989276
-0.3044676548572758,6,3,0.42585134506225586,42.55368010869873
-0.1415932568680939,6,3,0.3846442699432373,46.92364031823902
None,6,4,0.6126701831817627,23.908292319740212
-0.41504314018725325,6,4,0.5943117141723633,45.21440732931634
-0.391454158167822,6,4,0.8493282794952393,43.53641711091781
-0.2806220810301048,6,4,0.4947371482849121,46.94642857142857
-0.17550180979435076,6,4,0.5277180671691895,47.12738853503185
None,6,5,0.43782544136047363,18.45764308526526
-0.4864770774690889,6,5,0.5993926525115967,40.35718620603555
-0.3287127162052732,6,5,0.5582199096679688,41.74633287966896
-0.21227626295083674,6,5,0.6084840297698975,45.22476039710881
-0.11041421110668852,6,5,0.8795952796936035,48.834983498349835
None,6,6,0.6771447658538818,21.6926771668295
-0.4356380143617215,6,6,0.5875132083892822,41.1820559292521
-0.32099770865639016,6,6,0.5702383518218994,43.757405561449616
-0.27285362820098985,6,6,0.5593430995941162,44.21876605069037
-0.05356976816138189,6,6,0.4706227779388428,50.0
None,6,7,0.5989506244659424,27.060762373849773
-0.38927096304236053,6,7,0.5072503089904785,47.752197748971014
-0.366878369507243,6,7,0.6023859977722168,41.934333057103885
-0.2824258101650511,6,7,0.8194468021392822,43.67069108317353
-0.09782102772365009,6,7,0.5587668418884277,46.54433497536946
None,6,8,0.6014208793640137,22.93040883800119
-0.4002390495645852,6,8,1.1646111011505127,41.31584707798819
-0.29564071049769386,6,8,0.5928540229797363,41.10046824477277
-0.22003118293319932,6,8,0.9017965793609619,43.90407780458886
-0.08487712810066389,6,8,0.907092809677124,46.586956521739125
None,6,9,0.7498705387115479,22.8329597053709
-0.4327193500990598,6,9,0.555649995803833,41.93803242350909
-0.3173931517832881,6,9,0.8995180130004883,45.1638904364438
-0.24273522319720914,6,9,0.9792740345001221,43.17116294551579
-0.15322748334627018,6,9,0.6033098697662354,49.30081300813008
None,6,10,0.5677845478057861,32.473322858598955
-0.37299068638974636,6,10,1.0534522533416748,41.33008972572713
-0.2689517393945433,6,10,0.5849831104278564,42.21830483037411
-0.2618076135084801,6,10,0.6310734748840332,41.59340639708182
-0.14164814103429443,6,10,0.6602005958557129,48.0
None,7,1,0.7488107681274414,20.558414266204434
-0.4987170372472396,7,1,0.5793404579162598,42.35717533691849
-0.3139720633382357,7,1,0.5686683654785156,41.57397930085246
-0.24112472209332397,7,1,0.8474569320678711,46.360609914706785
-0.164475817401225,7,1,0.5428266525268555,45.90625
None,7,2,0.6015851497650146,24.146968614944488
-0.4745091513320145,7,2,0.6127519607543945,41.007768286749325
-0.27261837022550106,7,2,0.526928186416626,46.30182572405657
-0.2250512654776784,7,2,0.8537709712982178,47.908099613540514
-0.1410996256917794,7,2,0.9546854496002197,42.94472361809046
None,7,3,0.5948178768157959,30.65761622979925
-0.41007115916461745,7,3,0.6000335216522217,33.7222085602572
-0.22579477787240604,7,3,0.8157060146331787,44.27077747989276
-0.3044676548572758,7,3,0.602463960647583,42.55368010869873
-0.1415932568680939,7,3,0.6669468879699707,46.92364031823902
None,7,4,0.3795046806335449,23.908292319740212
-0.41504314018725325,7,4,0.44468021392822266,45.21440732931634
-0.391454158167822,7,4,0.6660764217376709,43.53641711091781
-0.2806220810301048,7,4,0.5368123054504395,46.94642857142857
-0.17550180979435076,7,4,0.5378575325012207,47.12738853503183
None,7,5,0.3909754753112793,18.457643085265264
-0.4864770774690889,7,5,0.5914945602416992,40.35718620603555
-0.3287127162052732,7,5,0.5729577541351318,41.74633287966896
-0.21227626295083674,7,5,0.5397326946258545,45.224760397108824
-0.11041421110668852,7,5,0.7120552062988281,48.834983498349835
None,7,6,0.6568567752838135,22.08013869362063
-0.4356380143617215,7,6,1.5515391826629639,41.1820559292521
-0.32099770865639016,7,6,0.5991694927215576,43.757405561449616
-0.27285362820098985,7,6,0.5331211090087891,44.21876605069038
-0.05356976816138189,7,6,0.4617617130279541,50.0
None,7,7,0.5944342613220215,27.060762373849773
-0.38927096304236053,7,7,0.5385968685150146,47.752197748971014
-0.366878369507243,7,7,0.5703561305999756,41.934333057103885
-0.2824258101650511,7,7,0.8929505348205566,43.67069108317353
-0.09782102772365009,7,7,0.38837456703186035,46.54433497536946
None,7,8,0.5742573738098145,22.93040883800119
-0.4002390495645852,7,8,0.9369916915893555,41.31584707798819
-0.29564071049769386,7,8,0.38911914825439453,41.10046824477277
-0.22003118293319932,7,8,0.5940430164337158,43.90407780458886
-0.08487712810066389,7,8,0.329850435256958,46.586956521739125
None,7,9,0.3976438045501709,22.8329597053709
-0.4327193500990598,7,9,0.7235522270202637,41.938032423509085
-0.3173931517832881,7,9,0.6674022674560547,45.1638904364438
-0.24273522319720914,7,9,0.6829507350921631,43.17116294551579
-0.15322748334627018,7,9,0.4439053535461426,49.30081300813008
None,7,10,0.35457944869995117,32.473322858598955
-0.37299068638974636,7,10,0.8167858123779297,41.33008972572713
-0.2689517393945433,7,10,0.7940859794616699,42.21830483037411
-0.2618076135084801,7,10,0.5607123374938965,41.59340639708182
-0.14164814103429443,7,10,0.6160051822662354,48.0
None,8,1,0.6140062808990479,20.558414266204434
-0.4987170372472396,8,1,0.45308876037597656,42.35717533691848
-0.3139720633382357,8,1,0.5440540313720703,41.57397930085246
-0.24112472209332397,8,1,0.8646628856658936,46.3606099147068
-0.164475817401225,8,1,0.5413811206817627,45.90625
None,8,2,0.5998413562774658,24.146968614944488
-0.4745091513320145,8,2,0.5649795532226562,41.007768286749325
-0.27261837022550106,8,2,0.516411304473877,46.30182572405657
-0.2250512654776784,8,2,0.5484263896942139,47.908099613540514
-0.1410996256917794,8,2,0.9429867267608643,42.94472361809047
None,8,3,0.7898626327514648,30.65773898710446
-0.41007115916461745,8,3,0.6263213157653809,33.7222085602572
-0.22579477787240604,8,3,0.8697774410247803,44.27077747989276
-0.3044676548572758,8,3,0.5722765922546387,42.55368010869873
-0.1415932568680939,8,3,0.5349340438842773,46.92364031823902
None,8,4,0.5650112628936768,23.908292319740212
-0.41504314018725325,8,4,0.5663275718688965,45.21440732931634
-0.391454158167822,8,4,0.9936442375183105,43.53641711091781
-0.2806220810301048,8,4,0.7341701984405518,46.94642857142857
-0.17550180979435076,8,4,0.7472267150878906,47.12738853503185
None,8,5,0.6190531253814697,18.45764308526526
-0.4864770774690889,8,5,0.5718278884887695,40.35718620603555
-0.3287127162052732,8,5,0.5648150444030762,41.74633287966897
-0.21227626295083674,8,5,0.8981525897979736,45.224760397108824
-0.11041421110668852,8,5,0.7915992736816406,48.83498349834984
None,8,6,0.6101224422454834,22.083205925252063
-0.4356380143617215,8,6,1.3041374683380127,41.1820559292521
-0.32099770865639016,8,6,0.622333288192749,43.757405561449616
-0.27285362820098985,8,6,0.5554745197296143,44.21876605069037
-0.05356976816138189,8,6,0.4488339424133301,50.0
None,8,7,0.6207461357116699,27.060762373849773
-0.38927096304236053,8,7,0.5602166652679443,47.752197748971014
-0.366878369507243,8,7,0.5794243812561035,41.934333057103885
-0.2824258101650511,8,7,0.5467822551727295,43.67069108317353
-0.09782102772365009,8,7,0.5633373260498047,46.544334975369466
None,8,8,0.5907802581787109,22.93040883800119
-0.4002390495645852,8,8,0.9032187461853027,41.31584707798819
-0.29564071049769386,8,8,0.35802769660949707,41.10046824477277
-0.22003118293319932,8,8,0.660698413848877,43.90407780458886
-0.08487712810066389,8,8,0.5470695495605469,46.586956521739125
None,8,9,0.45032477378845215,22.8329597053709
-0.4327193500990598,8,9,0.3536109924316406,41.938032423509085
-0.3173931517832881,8,9,0.5855453014373779,45.1638904364438
-0.24273522319720914,8,9,0.7166571617126465,43.17116294551579
-0.15322748334627018,8,9,0.439255952835083,49.30081300813008
None,8,10,0.5544192790985107,32.473322858598955
-0.37299068638974636,8,10,0.9424023628234863,41.33008972572713
-0.2689517393945433,8,10,0.7766330242156982,42.21830483037411
-0.2618076135084801,8,10,0.5658578872680664,41.59340639708182
-0.14164814103429443,8,10,0.5730805397033691,48.0
None,9,1,0.627312183380127,20.558414266204434
-0.4987170372472396,9,1,0.5665419101715088,42.35717533691849
-0.3139720633382357,9,1,0.6650681495666504,41.57397930085246
-0.24112472209332397,9,1,0.7595529556274414,46.36060991470679
-0.164475817401225,9,1,0.3396897315979004,45.90625
None,9,2,0.40200090408325195,24.146968614944488
-0.4745091513320145,9,2,0.5558385848999023,41.007768286749325
-0.27261837022550106,9,2,0.513890266418457,46.30182572405657
-0.2250512654776784,9,2,0.7278242111206055,47.908099613540514
-0.1410996256917794,9,2,0.9231915473937988,42.94472361809047
None,9,3,0.5604290962219238,30.65773898710446
-0.41007115916461745,9,3,0.6323564052581787,33.7222085602572
-0.22579477787240604,9,3,0.7338190078735352,44.27077747989276
-0.3044676548572758,9,3,0.4306142330169678,42.55368010869873
-0.1415932568680939,9,3,0.35910511016845703,46.92364031823902
None,9,4,0.39121532440185547,23.908292319740212
-0.41504314018725325,9,4,0.4040381908416748,45.21440732931634
-0.391454158167822,9,4,0.7711992263793945,43.53641711091781
-0.2806220810301048,9,4,0.5796210765838623,46.94642857142857
-0.17550180979435076,9,4,0.6715316772460938,47.12738853503185
None,9,5,0.38282275199890137,18.457643085265264
-0.4864770774690889,9,5,0.37134337425231934,40.35718620603555
-0.3287127162052732,9,5,0.36437058448791504,41.74633287966897
-0.21227626295083674,9,5,0.48463010787963867,45.224760397108824
-0.11041421110668852,9,5,0.6017720699310303,48.834983498349835
None,9,6,0.46240806579589844,22.087208224840126
-0.4356380143617215,9,6,0.8931093215942383,41.1820559292521
-0.32099770865639016,9,6,0.5740091800689697,43.757405561449616
-0.27285362820098985,9,6,0.5416998863220215,44.21876605069037
-0.05356976816138189,9,6,0.4741036891937256,50.0
None,9,7,0.6127779483795166,27.060762373849773
-0.38927096304236053,9,7,0.49712634086608887,47.752197748971014
-0.366878369507243,9,7,0.5454387664794922,41.934333057103885
-0.2824258101650511,9,7,0.7838170528411865,43.67069108317353
-0.09782102772365009,9,7,0.5599343776702881,46.544334975369466
None,9,8,0.6210231781005859,22.93040883800119
-0.4002390495645852,9,8,0.9156882762908936,41.31584707798819
-0.29564071049769386,9,8,0.5394434928894043,41.10046824477277
-0.22003118293319932,9,8,0.752918004989624,43.90407780458886
-0.08487712810066389,9,8,0.6457791328430176,46.586956521739125
None,9,9,0.5991945266723633,22.8329597053709
-0.4327193500990598,9,9,0.5552825927734375,41.938032423509085
-0.3173931517832881,9,9,0.6502068042755127,45.1638904364438
-0.24273522319720914,9,9,0.821894645690918,43.17116294551579
-0.15322748334627018,9,9,0.6150131225585938,49.30081300813008
None,9,10,0.557847261428833,32.473322858598955
-0.37299068638974636,9,10,0.7195689678192139,41.33008972572713
-0.2689517393945433,9,10,0.5132002830505371,42.21830483037411
-0.2618076135084801,9,10,0.36205029487609863,41.59340639708182
-0.14164814103429443,9,10,0.4352118968963623,48.0
None,10,1,0.4763317108154297,20.558414266204437
-0.4987170372472396,10,1,0.5762186050415039,42.35717533691849
-0.3139720633382357,10,1,0.5381665229797363,41.57397930085246
-0.24112472209332397,10,1,0.9383776187896729,46.36060991470679
-0.164475817401225,10,1,0.34926438331604004,45.90625
None,10,2,0.989372730255127,24.146968614944488
-0.4745091513320145,10,2,0.5803892612457275,41.007768286749325
-0.27261837022550106,10,2,0.5231924057006836,46.30182572405657
-0.2250512654776784,10,2,0.6339964866638184,47.908099613540514
-0.1410996256917794,10,2,1.0637421607971191,42.944723618090464
None,10,3,0.5573434829711914,30.65773898710446
-0.41007115916461745,10,3,0.6264488697052002,33.7222085602572
-0.22579477787240604,10,3,0.9098396301269531,44.27077747989276
-0.3044676548572758,10,3,0.5820469856262207,42.55368010869873
-0.1415932568680939,10,3,0.5453667640686035,46.92364031823902
None,10,4,0.5517318248748779,23.908292319740212
-0.41504314018725325,10,4,0.5439631938934326,45.21440732931634
-0.391454158167822,10,4,0.7655339241027832,43.53641711091781
-0.2806220810301048,10,4,0.5593786239624023,46.94642857142857
-0.17550180979435076,10,4,0.6155939102172852,47.12738853503185
None,10,5,0.5916664600372314,18.457643085265264
-0.4864770774690889,10,5,0.550894021987915,40.35718620603555
-0.3287127162052732,10,5,0.5595135688781738,41.74633287966897
-0.21227626295083674,10,5,0.7793073654174805,45.224760397108824
-0.11041421110668852,10,5,0.7236926555633545,48.834983498349835
None,10,6,0.42270565032958984,22.087208224840126
-0.4356380143617215,10,6,1.4432365894317627,41.1820559292521
-0.32099770865639016,10,6,0.6096618175506592,43.75740556144947
-0.27285362820098985,10,6,0.5534951686859131,44.21876605069037
-0.05356976816138189,10,6,0.4867515563964844,50.0
None,10,7,0.7329583168029785,27.060762373849773
-0.38927096304236053,10,7,0.6663405895233154,47.752197748971014
-0.366878369507243,10,7,0.6301131248474121,41.934333057103885
-0.2824258101650511,10,7,1.1359748840332031,43.67069108317353
-0.09782102772365009,10,7,0.5745217800140381,46.544334975369466
None,10,8,0.7034125328063965,22.93040883800119
-0.4002390495645852,10,8,1.033135175704956,41.315847077988195
-0.29564071049769386,10,8,0.3979058265686035,41.10046824477277
-0.22003118293319932,10,8,0.632911205291748,43.90407780458886
-0.08487712810066389,10,8,0.5713679790496826,46.586956521739125
None,10,9,1.1372156143188477,22.832959705370897
-0.4327193500990598,10,9,0.5314755439758301,41.938032423509085
-0.3173931517832881,10,9,0.8968524932861328,45.1638904364438
-0.24273522319720914,10,9,0.9506478309631348,43.17116294551579
-0.15322748334627018,10,9,0.41518735885620117,49.30081300813008
None,10,10,0.51949143409729,32.473322858598955
-0.37299068638974636,10,10,0.6081316471099854,41.33008972572713
-0.2689517393945433,10,10,0.7839360237121582,42.21830483037411
-0.2618076135084801,10,10,0.5585978031158447,41.59340639708182
-0.14164814103429443,10,10,0.6358888149261475,48.0
None,11,1,0.4462566375732422,20.558414266204437
-0.4987170372472396,11,1,0.41999173164367676,42.35717533691849
-0.3139720633382357,11,1,0.6495187282562256,41.57397930085246
-0.24112472209332397,11,1,0.523583173751831,46.36060991470679
-0.164475817401225,11,1,0.3472270965576172,45.90625
None,11,2,0.3795506954193115,24.146968614944488
-0.4745091513320145,11,2,0.5516459941864014,41.007768286749325
-0.27261837022550106,11,2,0.5211062431335449,46.30182572405657
-0.2250512654776784,11,2,0.7820329666137695,47.908099613540514
-0.1410996256917794,11,2,0.9289121627807617,42.944723618090464
None,11,3,0.5607192516326904,30.65773898710446
-0.41007115916461745,11,3,1.2359263896942139,33.7222085602572
-0.22579477787240604,11,3,0.8830127716064453,44.27077747989276
-0.3044676548572758,11,3,0.6688861846923828,42.55368010869873
-0.1415932568680939,11,3,0.5142879486083984,46.92364031823902
None,11,4,0.5685970783233643,23.908292319740212
-0.41504314018725325,11,4,0.528510570526123,45.21440732931634
-0.391454158167822,11,4,1.010288953781128,43.53641711091781
-0.2806220810301048,11,4,0.5192697048187256,46.94642857142857
-0.17550180979435076,11,4,0.5193905830383301,47.12738853503185
None,11,5,0.968756914138794,18.45764308526525
-0.4864770774690889,11,5,0.5618188381195068,40.35718620603555
-0.3287127162052732,11,5,0.5560414791107178,41.74633287966896
-0.21227626295083674,11,5,0.9246282577514648,45.22476039710881
-0.11041421110668852,11,5,0.8134346008300781,48.834983498349835
None,11,6,0.7198996543884277,22.087208224840126
-0.4356380143617215,11,6,1.2554645538330078,41.1820559292521
-0.32099770865639016,11,6,0.5561249256134033,43.757405561449744
-0.27285362820098985,11,6,0.5303013324737549,44.21876605069037
-0.05356976816138189,11,6,0.4716153144836426,50.0
None,11,7,0.6193830966949463,27.06076237384977
-0.38927096304236053,11,7,0.5136187076568604,47.752197748971014
-0.366878369507243,11,7,0.5937812328338623,41.934333057103885
-0.2824258101650511,11,7,0.7793021202087402,43.67069108317353
-0.09782102772365009,11,7,0.5592813491821289,46.54433497536946
None,11,8,0.6954178810119629,22.93040883800119
-0.4002390495645852,11,8,1.0864620208740234,41.315847077988195
-0.29564071049769386,11,8,0.5917079448699951,41.10046824477277
-0.22003118293319932,11,8,0.9829542636871338,43.90407780458886
-0.08487712810066389,11,8,0.6075971126556396,46.586956521739125
None,11,9,0.739659309387207,22.832959705370897
-0.4327193500990598,11,9,0.3814823627471924,41.938032423509085
-0.3173931517832881,11,9,0.573065996170044,45.1638904364438
-0.24273522319720914,11,9,0.788154125213623,43.17116294551579
-0.15322748334627018,11,9,0.4757730960845947,49.30081300813008
None,11,10,0.8374655246734619,32.473322858598955
-0.37299068638974636,11,10,0.5672454833984375,41.33008972572713
-0.2689517393945433,11,10,0.8183634281158447,42.21830483037411
-0.2618076135084801,11,10,0.5309398174285889,41.59340639708182
-0.14164814103429443,11,10,0.5690371990203857,48.0
None,12,1,0.5642285346984863,20.558414266204437
-0.4987170372472396,12,1,0.5543677806854248,42.35717533691849
-0.3139720633382357,12,1,0.7815804481506348,41.57397930085246
-0.24112472209332397,12,1,0.5790526866912842,46.36060991470679
-0.164475817401225,12,1,0.3349483013153076,45.90625
None,12,2,0.37937188148498535,24.14696861494466
-0.4745091513320145,12,2,0.41988515853881836,41.007768286749325
-0.27261837022550106,12,2,0.33057427406311035,46.30182572405657
-0.2250512654776784,12,2,0.456681489944458,47.908099613540514
-0.1410996256917794,12,2,0.6713206768035889,42.94472361809045
None,12,3,0.35840916633605957,30.65773898710446
-0.41007115916461745,12,3,0.996445894241333,33.7222085602572
-0.22579477787240604,12,3,0.6736364364624023,44.27077747989276
-0.3044676548572758,12,3,0.6158323287963867,42.55368010869873
-0.1415932568680939,12,3,0.37021398544311523,46.92364031823902
None,12,4,0.39345502853393555,23.908292319740212
-0.41504314018725325,12,4,0.33947134017944336,45.21440732931634
-0.391454158167822,12,4,0.7684431076049805,43.53641711091781
-0.2806220810301048,12,4,0.5674707889556885,46.94642857142857
-0.17550180979435076,12,4,0.6667368412017822,47.12738853503185
None,12,5,0.7125403881072998,18.45764308526525
-0.4864770774690889,12,5,0.5427224636077881,40.35718620603554
-0.3287127162052732,12,5,0.54734206199646,41.74633287966897
-0.21227626295083674,12,5,0.7073721885681152,45.224760397108824
-0.11041421110668852,12,5,0.5362732410430908,48.834983498349835
None,12,6,0.7328486442565918,22.087208224840126
-0.4356380143617215,12,6,1.1062328815460205,41.1820559292521
-0.32099770865639016,12,6,0.5586552619934082,43.757405561449744
-0.27285362820098985,12,6,0.5479531288146973,44.21876605069037
-0.05356976816138189,12,6,0.46758031845092773,50.0
None,12,7,0.5591037273406982,27.06076237384977
-0.38927096304236053,12,7,0.490861177444458,47.752197748971014
-0.366878369507243,12,7,0.5647320747375488,41.934333057103885
-0.2824258101650511,12,7,0.7466135025024414,43.67069108317353
-0.09782102772365009,12,7,0.5309774875640869,46.54433497536946
None,12,8,0.5610871315002441,22.93040883800119
-0.4002390495645852,12,8,0.5713326930999756,41.315847077988195
-0.29564071049769386,12,8,0.37214183807373047,41.10046824477277
-0.22003118293319932,12,8,0.6283588409423828,43.90407780458886
-0.08487712810066389,12,8,0.54573655128479,46.586956521739125
None,12,9,0.32542967796325684,22.832959705370897
-0.4327193500990598,12,9,0.4685699939727783,41.93803242350908
-0.3173931517832881,12,9,0.6332724094390869,45.1638904364438
-0.24273522319720914,12,9,0.7966444492340088,43.17116294551579
-0.15322748334627018,12,9,0.5635597705841064,49.30081300813008
None,12,10,0.7335457801818848,32.473322858598955
-0.37299068638974636,12,10,0.4700469970703125,41.33008972572713
-0.2689517393945433,12,10,0.4917781352996826,42.21830483037411
-0.2618076135084801,12,10,0.3178551197052002,41.59340639708182
-0.14164814103429443,12,10,0.3079190254211426,48.0
None,13,1,0.6090652942657471,20.558414266204437
-0.4987170372472396,13,1,0.5577075481414795,42.35717533691849
-0.3139720633382357,13,1,0.8217036724090576,41.57397930085246
-0.24112472209332397,13,1,0.5032768249511719,46.36060991470679
-0.164475817401225,13,1,0.3602020740509033,45.90625
None,13,2,0.6321065425872803,24.14696861494466
-0.4745091513320145,13,2,0.5590040683746338,41.007768286749325
-0.27261837022550106,13,2,0.5048372745513916,46.30182572405657
-0.2250512654776784,13,2,0.778702974319458,47.908099613540514
-0.1410996256917794,13,2,0.37549686431884766,42.94472361809046
None,13,3,0.5340931415557861,30.65773898710446
-0.41007115916461745,13,3,1.0630133152008057,33.7222085602572
-0.22579477787240604,13,3,0.8049061298370361,44.27077747989276
-0.3044676548572758,13,3,1.12215256690979,42.55368010869873
-0.1415932568680939,13,3,0.5417709350585938,46.92364031823902
None,13,4,0.3601856231689453,23.908292319740212
-0.41504314018725325,13,4,0.5311279296875,45.21440732931634
-0.391454158167822,13,4,0.787757396697998,43.53641711091781
-0.2806220810301048,13,4,0.639744758605957,46.94642857142857
-0.17550180979435076,13,4,0.5430290699005127,47.12738853503185
None,13,5,1.132873773574829,18.45764308526525
-0.4864770774690889,13,5,0.5392458438873291,40.35718620603554
-0.3287127162052732,13,5,0.5494437217712402,41.74633287966894
-0.21227626295083674,13,5,0.547553539276123,45.224760397108824
-0.11041421110668852,13,5,0.5232713222503662,48.834983498349835
None,13,6,0.6133699417114258,22.087208224840126
-0.4356380143617215,13,6,0.6993238925933838,41.1820559292521
-0.32099770865639016,13,6,0.3462707996368408,43.757405561449744
-0.27285362820098985,13,6,0.33646178245544434,44.21876605069037
-0.05356976816138189,13,6,0.28915905952453613,50.0
None,13,7,0.4553487300872803,27.06076237384977
-0.38927096304236053,13,7,0.49358701705932617,47.752197748971014
-0.366878369507243,13,7,0.31531596183776855,41.934333057103885
-0.2824258101650511,13,7,0.6100547313690186,43.67069108317353
-0.09782102772365009,13,7,0.6155500411987305,46.54433497536946
None,13,8,0.5773065090179443,22.93040883800119
-0.4002390495645852,13,8,0.7289280891418457,41.315847077988195
-0.29564071049769386,13,8,0.5546209812164307,41.10046824477277
-0.22003118293319932,13,8,0.9390716552734375,43.90407780458886
-0.08487712810066389,13,8,0.5275583267211914,46.586956521739125
None,13,9,1.1352558135986328,22.832959705370897
-0.4327193500990598,13,9,0.4824848175048828,41.938032423509085
-0.3173931517832881,13,9,0.7523174285888672,45.1638904364438
-0.24273522319720914,13,9,0.9952590465545654,43.17116294551579
-0.15322748334627018,13,9,0.43173789978027344,49.30081300813008
None,13,10,0.5448644161224365,32.473322858598955
-0.37299068638974636,13,10,0.5530269145965576,41.33008972572713
-0.2689517393945433,13,10,0.8186652660369873,42.21830483037411
-0.2618076135084801,13,10,0.5499005317687988,41.59340639708182
-0.14164814103429443,13,10,0.5072486400604248,48.0
None,14,1,0.6049942970275879,20.558414266204437
-0.4987170372472396,14,1,0.4085836410522461,42.35717533691849
-0.3139720633382357,14,1,0.7235066890716553,41.57397930085246
-0.24112472209332397,14,1,0.6113533973693848,46.36060991470679
-0.164475817401225,14,1,0.3484025001525879,45.90625
None,14,2,0.7156085968017578,24.14696861494466
-0.4745091513320145,14,2,0.5468096733093262,41.007768286749325
-0.27261837022550106,14,2,0.5167772769927979,46.30182572405657
-0.2250512654776784,14,2,0.7676031589508057,47.908099613540514
-0.1410996256917794,14,2,0.3632509708404541,42.94472361809043
None,14,3,0.5323288440704346,30.65773898710446
-0.41007115916461745,14,3,0.995866060256958,33.7222085602572
-0.22579477787240604,14,3,0.6628954410552979,44.27077747989276
-0.3044676548572758,14,3,0.6638586521148682,42.55368010869873
-0.1415932568680939,14,3,0.33544087409973145,46.92364031823902
None,14,4,0.3637099266052246,23.908292319740212
-0.41504314018725325,14,4,0.5401866436004639,45.21440732931634
-0.391454158167822,14,4,0.8746025562286377,43.53641711091781
-0.2806220810301048,14,4,0.5409715175628662,46.94642857142858
-0.17550180979435076,14,4,0.5558295249938965,47.12738853503185
None,14,5,1.1872797012329102,18.45764308526525
-0.4864770774690889,14,5,0.5573010444641113,40.35718620603554
-0.3287127162052732,14,5,0.5480163097381592,41.74633287966894
-0.21227626295083674,14,5,0.8753237724304199,45.224760397108824
-0.11041421110668852,14,5,0.6383495330810547,48.834983498349835
None,14,6,0.9955439567565918,22.087208224840126
-0.4356380143617215,14,6,0.5663378238677979,41.1820559292521
-0.32099770865639016,14,6,0.5384981632232666,43.757405561449744
-0.27285362820098985,14,6,0.514296293258667,44.21876605069037
-0.05356976816138189,14,6,0.4761064052581787,50.0
None,14,7,0.6338903903961182,27.06076237384977
-0.38927096304236053,14,7,0.5474603176116943,47.752197748971014
-0.366878369507243,14,7,0.5524585247039795,41.934333057103885
-0.2824258101650511,14,7,0.8145568370819092,43.67069108317353
-0.09782102772365009,14,7,0.5405454635620117,46.544334975369466
None,14,8,0.3691990375518799,22.93040883800119
-0.4002390495645852,14,8,0.9089362621307373,41.315847077988195
-0.29564071049769386,14,8,0.38297605514526367,41.10046824477277
-0.22003118293319932,14,8,0.5516281127929688,43.90407780458886
-0.08487712810066389,14,8,0.5952320098876953,46.586956521739125
None,14,9,0.7761476039886475,22.832959705370897
-0.4327193500990598,14,9,0.5219616889953613,41.938032423509085
-0.3173931517832881,14,9,0.7517004013061523,45.1638904364438
-0.24273522319720914,14,9,1.0932657718658447,43.17116294551579
-0.15322748334627018,14,9,0.5187158584594727,49.30081300813008
None,14,10,0.5510387420654297,32.47332285859895
-0.37299068638974636,14,10,0.9370272159576416,41.33008972572713
-0.2689517393945433,14,10,0.7119410037994385,42.21830483037411
-0.2618076135084801,14,10,0.5357100963592529,41.59340639708182
-0.14164814103429443,14,10,0.5226588249206543,48.0
None,15,1,0.6193273067474365,20.558414266204437
-0.4987170372472396,15,1,0.6280624866485596,42.35717533691849
-0.3139720633382357,15,1,0.8450319766998291,41.57397930085246
-0.24112472209332397,15,1,0.6703205108642578,46.36060991470679
-0.164475817401225,15,1,0.5382490158081055,45.90625
None,15,2,1.0172314643859863,24.14696861494466
-0.4745091513320145,15,2,0.5835371017456055,41.007768286749325
-0.27261837022550106,15,2,0.5234158039093018,46.30182572405657
-0.2250512654776784,15,2,0.49208879470825195,47.908099613540514
-0.1410996256917794,15,2,0.5567946434020996,42.94472361809043
None,15,3,0.5215742588043213,30.65773898710446
-0.41007115916461745,15,3,1.0941226482391357,33.7222085602572
-0.22579477787240604,15,3,0.6130988597869873,44.27077747989276
-0.3044676548572758,15,3,0.638063907623291,42.55368010869873
-0.1415932568680939,15,3,0.7265582084655762,46.92364031823902
None,15,4,0.5553326606750488,23.908292319740212
-0.41504314018725325,15,4,0.5124180316925049,45.21440732931634
-0.391454158167822,15,4,0.5643994808197021,43.53641711091782
-0.2806220810301048,15,4,0.8605396747589111,46.94642857142858
-0.17550180979435076,15,4,0.3752291202545166,47.12738853503185
None,15,5,0.7968482971191406,18.45764308526525
-0.4864770774690889,15,5,0.5284523963928223,40.35718620603554
-0.3287127162052732,15,5,0.5905771255493164,41.74633287966894
-0.21227626295083674,15,5,0.8837244510650635,45.224760397108824
-0.11041421110668852,15,5,0.6550498008728027,48.834983498349835
None,15,6,0.8933637142181396,22.087208224840126
-0.4356380143617215,15,6,0.5443580150604248,41.1820559292521
-0.32099770865639016,15,6,0.5514836311340332,43.75740556144962
-0.27285362820098985,15,6,0.5156798362731934,44.21876605069037
-0.05356976816138189,15,6,0.470745325088501,50.0
None,15,7,0.595198392868042,27.06076237384977
-0.38927096304236053,15,7,0.5045979022979736,47.752197748971014
-0.366878369507243,15,7,0.5671594142913818,41.934333057103885
-0.2824258101650511,15,7,0.9473857879638672,43.67069108317353
-0.09782102772365009,15,7,0.5354282855987549,46.544334975369466
None,15,8,0.6056885719299316,22.93040883800119
-0.4002390495645852,15,8,0.7718024253845215,41.315847077988195
-0.29564071049769386,15,8,0.3878152370452881,41.10046824477277
-0.22003118293319932,15,8,0.5430903434753418,43.90407780458886
-0.08487712810066389,15,8,0.699251651763916,46.586956521739125
None,15,9,1.2164757251739502,22.832959705370897
-0.4327193500990598,15,9,0.4353976249694824,41.938032423509085
-0.3173931517832881,15,9,0.4597640037536621,45.1638904364438
-0.24273522319720914,15,9,0.5473895072937012,43.17116294551579
-0.15322748334627018,15,9,0.31825709342956543,49.30081300813008
None,15,10,0.5249619483947754,32.47332285859895
-0.37299068638974636,15,10,0.5427649021148682,41.33008972572713
-0.2689517393945433,15,10,0.5148468017578125,42.21830483037411
-0.2618076135084801,15,10,0.5329523086547852,41.59340639708182
-0.14164814103429443,15,10,0.49117493629455566,48.0
None,16,1,0.5832152366638184,20.558414266204437
-0.4987170372472396,16,1,0.5484910011291504,42.35717533691849
-0.3139720633382357,16,1,1.1086046695709229,41.57397930085246
-0.24112472209332397,16,1,0.8864645957946777,46.36060991470679
-0.164475817401225,16,1,0.342409610748291,45.90625
None,16,2,0.6428232192993164,24.14696861494466
-0.4745091513320145,16,2,0.5395331382751465,41.007768286749325
-0.27261837022550106,16,2,0.4820725917816162,46.30182572405657
-0.2250512654776784,16,2,0.7246866226196289,47.908099613540514
-0.1410996256917794,16,2,0.3633737564086914,42.94472361809043
None,16,3,0.526270866394043,30.65773898710446
-0.41007115916461745,16,3,1.2758190631866455,33.7222085602572
-0.22579477787240604,16,3,0.8682699203491211,44.27077747989276
-0.3044676548572758,16,3,0.7946088314056396,42.55368010869873
-0.1415932568680939,16,3,0.9751670360565186,46.92364031823902
None,16,4,0.5403273105621338,23.908292319740212
-0.41504314018725325,16,4,0.5145308971405029,45.21440732931634
-0.391454158167822,16,4,0.574925422668457,43.53641711091781
-0.2806220810301048,16,4,0.8476433753967285,46.94642857142858
-0.17550180979435076,16,4,0.5711569786071777,47.12738853503185
None,16,5,1.0115149021148682,18.45764308526525
-0.4864770774690889,16,5,0.5676743984222412,40.35718620603555
-0.3287127162052732,16,5,0.5512473583221436,41.74633287966894
-0.21227626295083674,16,5,0.8984427452087402,45.224760397108824
-0.11041421110668852,16,5,0.6647381782531738,48.834983498349835
None,16,6,0.9462502002716064,22.087208224840126
-0.4356380143617215,16,6,0.5310103893280029,41.1820559292521
-0.32099770865639016,16,6,0.359816312789917,43.75740556144962
-0.27285362820098985,16,6,0.41141414642333984,44.21876605069037
-0.05356976816138189,16,6,0.28688621520996094,50.0
None,16,7,0.3966495990753174,27.06076237384977
-0.38927096304236053,16,7,0.5072643756866455,47.752197748971014
-0.366878369507243,16,7,0.5632407665252686,41.934333057103885
-0.2824258101650511,16,7,1.059593677520752,43.67069108317353
-0.09782102772365009,16,7,0.5758659839630127,46.544334975369466
None,16,8,0.6960883140563965,22.93040883800119
-0.4002390495645852,16,8,0.9483497142791748,41.315847077988195
-0.29564071049769386,16,8,0.3565218448638916,41.10046824477277
-0.22003118293319932,16,8,0.3874642848968506,43.90407780458886
-0.08487712810066389,16,8,0.7905490398406982,46.586956521739125
None,16,9,1.1623203754425049,22.832959705370897
-0.4327193500990598,16,9,0.5526382923126221,41.938032423509085
-0.3173931517832881,16,9,0.7297546863555908,45.1638904364438
-0.24273522319720914,16,9,0.8029096126556396,43.17116294551579
-0.15322748334627018,16,9,0.301560640335083,49.30081300813008
None,16,10,0.358417272567749,32.47332285859895
-0.37299068638974636,16,10,0.5478978157043457,41.33008972572713
-0.2689517393945433,16,10,0.5251317024230957,42.21830483037411
-0.2618076135084801,16,10,0.6114540100097656,41.59340639708182
-0.14164814103429443,16,10,0.448070764541626,48.0
None,17,1,0.6652846336364746,20.558414266204437
-0.4987170372472396,17,1,0.6034235954284668,42.35717533691849
-0.3139720633382357,17,1,0.8034961223602295,41.57397930085246
-0.24112472209332397,17,1,0.5922856330871582,46.36060991470679
-0.164475817401225,17,1,0.36626672744750977,45.90625
None,17,2,0.9022934436798096,24.14696861494466
-0.4745091513320145,17,2,0.5514047145843506,41.007768286749325
-0.27261837022550106,17,2,0.5360579490661621,46.30182572405657
-0.2250512654776784,17,2,0.6987054347991943,47.908099613540514
-0.1410996256917794,17,2,0.5520288944244385,42.94472361809043
None,17,3,0.5253677368164062,30.65773898710446
-0.41007115916461745,17,3,1.1394777297973633,33.7222085602572
-0.22579477787240604,17,3,0.8950088024139404,44.27077747989276
-0.3044676548572758,17,3,0.6006031036376953,42.55368010869873
-0.1415932568680939,17,3,0.560835599899292,46.92364031823902
None,17,4,0.3650538921356201,23.908292319740212
-0.41504314018725325,17,4,0.5764079093933105,45.21440732931634
-0.391454158167822,17,4,0.5477521419525146,43.53641711091781
-0.2806220810301048,17,4,0.8914871215820312,46.94642857142858
-0.17550180979435076,17,4,0.35898900032043457,47.12738853503185
None,17,5,1.1458823680877686,18.45764308526525
-0.4864770774690889,17,5,0.565331220626831,40.35718620603555
-0.3287127162052732,17,5,0.5520689487457275,41.74633287966894
-0.21227626295083674,17,5,0.8649876117706299,45.224760397108824
-0.11041421110668852,17,5,0.5435996055603027,48.834983498349835
None,17,6,0.9711687564849854,22.087208224840126
-0.4356380143617215,17,6,0.5519649982452393,41.1820559292521
-0.32099770865639016,17,6,0.5431954860687256,43.75740556144962
-0.27285362820098985,17,6,0.5449166297912598,44.21876605069037
-0.05356976816138189,17,6,0.4815387725830078,50.0
None,17,7,0.6249551773071289,27.06076237384977
-0.38927096304236053,17,7,0.5001330375671387,47.752197748971014
-0.366878369507243,17,7,0.5575666427612305,41.934333057103885
-0.2824258101650511,17,7,0.7299587726593018,43.67069108317353
-0.09782102772365009,17,7,0.5332024097442627,46.544334975369466
None,17,8,0.6459739208221436,22.93040883800119
-0.4002390495645852,17,8,0.7484686374664307,41.315847077988195
-0.29564071049769386,17,8,0.35232090950012207,41.10046824477277
-0.22003118293319932,17,8,0.3631880283355713,43.90407780458886
-0.08487712810066389,17,8,0.6054391860961914,46.586956521739125
None,17,9,0.7687973976135254,22.832959705370897
-0.4327193500990598,17,9,0.5211641788482666,41.938032423509085
-0.3173931517832881,17,9,0.857943058013916,45.1638904364438
-0.24273522319720914,17,9,1.018740177154541,43.17116294551579
-0.15322748334627018,17,9,0.5516164302825928,49.30081300813008
None,17,10,0.33870935440063477,32.47332285859895
-0.37299068638974636,17,10,0.41129302978515625,41.33008972572713
-0.2689517393945433,17,10,0.33988428115844727,42.21830483037411
-0.2618076135084801,17,10,0.3433983325958252,41.59340639708182
-0.14164814103429443,17,10,0.4009075164794922,48.0
None,18,1,0.48917722702026367,20.558414266204437
-0.4987170372472396,18,1,0.5426249504089355,42.35717533691849
-0.3139720633382357,18,1,0.7883532047271729,41.57397930085246
-0.24112472209332397,18,1,0.6474318504333496,46.36060991470679
-0.164475817401225,18,1,0.5236704349517822,45.90625
None,18,2,0.8648099899291992,24.14696861494466
-0.4745091513320145,18,2,0.5447845458984375,41.007768286749325
-0.27261837022550106,18,2,0.5140163898468018,46.30182572405657
-0.2250512654776784,18,2,0.4952085018157959,47.908099613540514
-0.1410996256917794,18,2,0.5726914405822754,42.94472361809043
None,18,3,0.34125566482543945,30.65773898710446
-0.41007115916461745,18,3,0.9829096794128418,33.7222085602572
-0.22579477787240604,18,3,0.8033363819122314,44.27077747989276
-0.3044676548572758,18,3,0.6211650371551514,42.55368010869873
-0.1415932568680939,18,3,0.5936727523803711,46.92364031823902
None,18,4,0.3423745632171631,23.908292319740212
-0.41504314018725325,18,4,0.5189971923828125,45.21440732931634
-0.391454158167822,18,4,0.5511372089385986,43.53641711091781
-0.2806220810301048,18,4,0.9957554340362549,46.94642857142858
-0.17550180979435076,18,4,0.524428129196167,47.12738853503185
None,18,5,0.7585568428039551,18.45764308526525
-0.4864770774690889,18,5,0.5457093715667725,40.35718620603555
-0.3287127162052732,18,5,0.5593669414520264,41.74633287966894
-0.21227626295083674,18,5,0.8039162158966064,45.224760397108824
-0.11041421110668852,18,5,0.6916956901550293,48.834983498349835
None,18,6,0.7024848461151123,22.087208224840126
-0.4356380143617215,18,6,0.5561885833740234,41.1820559292521
-0.32099770865639016,18,6,0.5508859157562256,43.75740556144962
-0.27285362820098985,18,6,0.5344138145446777,44.21876605069037
-0.05356976816138189,18,6,0.47580838203430176,50.0
None,18,7,0.5717203617095947,27.06076237384977
-0.38927096304236053,18,7,0.49452877044677734,47.752197748971014
-0.366878369507243,18,7,0.5450854301452637,41.934333057103885
-0.2824258101650511,18,7,0.9901633262634277,43.67069108317353
-0.09782102772365009,18,7,0.5541296005249023,46.544334975369466
None,18,8,0.5805308818817139,22.93040883800119
-0.4002390495645852,18,8,0.9588651657104492,41.315847077988195
-0.29564071049769386,18,8,0.443143367767334,41.10046824477277
-0.22003118293319932,18,8,0.3529660701751709,43.90407780458886
-0.08487712810066389,18,8,0.7783050537109375,46.586956521739125
None,18,9,0.857125997543335,22.832959705370897
-0.4327193500990598,18,9,0.5345196723937988,41.938032423509085
-0.3173931517832881,18,9,0.7380228042602539,45.16389043644379
-0.24273522319720914,18,9,0.9634127616882324,43.17116294551579
-0.15322748334627018,18,9,0.39115095138549805,49.30081300813008
None,18,10,0.3309595584869385,32.473322858598955
-0.37299068638974636,18,10,0.36533617973327637,41.33008972572713
-0.2689517393945433,18,10,0.3437049388885498,42.21830483037411
-0.2618076135084801,18,10,0.3511373996734619,41.59340639708182
-0.14164814103429443,18,10,0.5533356666564941,48.0
None,19,1,0.4218306541442871,20.558414266204437
-0.4987170372472396,19,1,0.537909984588623,42.35717533691849
-0.3139720633382357,19,1,0.5543851852416992,41.57397930085246
-0.24112472209332397,19,1,0.6577746868133545,46.36060991470679
-0.164475817401225,19,1,0.34135890007019043,45.90625
None,19,2,0.9613151550292969,24.14696861494466
-0.4745091513320145,19,2,0.5510149002075195,41.007768286749325
-0.27261837022550106,19,2,0.5241694450378418,46.30182572405657
-0.2250512654776784,19,2,0.4990715980529785,47.908099613540514
-0.1410996256917794,19,2,0.549086332321167,42.94472361809043
None,19,3,0.5300183296203613,30.65773898710446
-0.41007115916461745,19,3,1.0519359111785889,33.7222085602572
-0.22579477787240604,19,3,0.8782343864440918,44.27077747989276
-0.3044676548572758,19,3,0.5356369018554688,42.55368010869873
-0.1415932568680939,19,3,0.47374677658081055,46.92364031823902
None,19,4,0.5202996730804443,23.908292319740212
-0.41504314018725325,19,4,0.5341887474060059,45.21440732931634
-0.391454158167822,19,4,0.5857748985290527,43.53641711091781
-0.2806220810301048,19,4,0.761946439743042,46.94642857142858
-0.17550180979435076,19,4,0.5688700675964355,47.12738853503185
None,19,5,0.9162852764129639,18.45764308526525
-0.4864770774690889,19,5,0.5353093147277832,40.35718620603556
-0.3287127162052732,19,5,0.41793203353881836,41.74633287966894
-0.21227626295083674,19,5,0.6570742130279541,45.224760397108824
-0.11041421110668852,19,5,0.6673307418823242,48.834983498349835
None,19,6,0.9357974529266357,22.087208224840126
-0.4356380143617215,19,6,0.5552668571472168,41.1820559292521
-0.32099770865639016,19,6,0.5397007465362549,43.75740556144962
-0.27285362820098985,19,6,0.5228521823883057,44.21876605069037
-0.05356976816138189,19,6,0.46573543548583984,50.0
None,19,7,0.5705506801605225,27.06076237384977
-0.38927096304236053,19,7,0.5284831523895264,47.752197748971014
-0.366878369507243,19,7,0.5506877899169922,41.934333057103885
-0.2824258101650511,19,7,0.6257059574127197,43.67069108317353
-0.09782102772365009,19,7,0.3455824851989746,46.544334975369466
None,19,8,0.40894198417663574,22.93040883800119
-0.4002390495645852,19,8,0.9968013763427734,41.315847077988195
-0.29564071049769386,19,8,0.5538623332977295,41.10046824477277
-0.22003118293319932,19,8,0.5470304489135742,43.90407780458886
-0.08487712810066389,19,8,0.5032069683074951,46.58695652173914
None,19,9,0.6753940582275391,22.832959705370897
-0.4327193500990598,19,9,0.5635786056518555,41.938032423509085
-0.3173931517832881,19,9,0.7994863986968994,45.1638904364438
-0.24273522319720914,19,9,0.6674044132232666,43.17116294551579
-0.15322748334627018,19,9,0.2913374900817871,49.30081300813008
None,19,10,0.4976060390472412,32.473322858598955
-0.37299068638974636,19,10,0.5666999816894531,41.33008972572713
-0.2689517393945433,19,10,0.531334638595581,42.21830483037411
-0.2618076135084801,19,10,0.5560977458953857,41.59340639708182
-0.14164814103429443,19,10,0.7265677452087402,48.0
None,20,1,0.5846207141876221,20.558414266204437
-0.4987170372472396,20,1,0.5488886833190918,42.35717533691849
-0.3139720633382357,20,1,0.5464320182800293,41.573979300852585
-0.24112472209332397,20,1,0.738574743270874,46.36060991470679
-0.164475817401225,20,1,0.4636991024017334,45.90625
None,20,2,1.0324971675872803,24.146968614944427
-0.4745091513320145,20,2,0.5362858772277832,41.007768286749325
-0.27261837022550106,20,2,0.4914419651031494,46.30182572405667
-0.2250512654776784,20,2,0.6415359973907471,47.908099613540514
-0.1410996256917794,20,2,0.8698227405548096,42.944723618090435
None,20,3,0.5352344512939453,30.65773898710453
-0.41007115916461745,20,3,0.5664193630218506,33.72220856025729
-0.22579477787240604,20,3,0.8952810764312744,44.27077747989274
-0.3044676548572758,20,3,0.6268157958984375,42.55368010869873
-0.1415932568680939,20,3,0.3060743808746338,46.923640318238974
None,20,4,0.3938724994659424,23.90829231974022
-0.41504314018725325,20,4,0.6797792911529541,45.21440732931633
-0.391454158167822,20,4,0.3415064811706543,43.53641711091781
-0.2806220810301048,20,4,0.7969338893890381,46.94642857142857
-0.17550180979435076,20,4,0.3358931541442871,47.127388535031834
None,20,5,0.8796980381011963,18.45764308526526
-0.4864770774690889,20,5,0.9084055423736572,40.35718620603555
-0.3287127162052732,20,5,0.9311249256134033,41.74633287966897
-0.21227626295083674,20,5,0.7466354370117188,45.22476039710881
-0.11041421110668852,20,5,0.6191413402557373,48.834983498349835
None,20,6,0.5537815093994141,22.087208224840136
-0.4356380143617215,20,6,0.530236005783081,41.1820559292521
-0.32099770865639016,20,6,0.6919019222259521,43.7574055614496
-0.27285362820098985,20,6,0.5166678428649902,44.21876605069037
-0.05356976816138189,20,6,0.4638943672180176,50.0
None,20,7,0.6167240142822266,27.060762373849776
-0.38927096304236053,20,7,0.5155112743377686,47.75219774897101
-0.366878369507243,20,7,0.5384137630462646,41.934333057103885
-0.2824258101650511,20,7,1.140489101409912,43.67069108317352
-0.09782102772365009,20,7,1.235586166381836,46.544334975369466
None,20,8,0.6361279487609863,22.93040883800119
-0.4002390495645852,20,8,0.5330488681793213,41.315847077988195
-0.29564071049769386,20,8,0.5528995990753174,41.10046824477277
-0.22003118293319932,20,8,0.5726375579833984,43.90407780458886
-0.08487712810066389,20,8,0.5038304328918457,46.58695652173914
None,20,9,1.1694436073303223,22.83295970537182
-0.4327193500990598,20,9,0.37111353874206543,41.938032423509085
-0.3173931517832881,20,9,0.5879666805267334,45.1638904364438
-0.24273522319720914,20,9,0.35516953468322754,43.17116294551579
-0.15322748334627018,20,9,0.2999250888824463,49.30081300813008
None,20,10,0.495464563369751,32.473322858598955
-0.37299068638974636,20,10,0.8010799884796143,41.330089725727134
-0.2689517393945433,20,10,0.7803161144256592,42.21830483037411
-0.2618076135084801,20,10,0.46378135681152344,41.59340639708182
-0.14164814103429443,20,10,0.3129093647003174,48.0
