None,1,1,0.39217329025268555,-1.0
-0.46260031166688476,1,1,0.40537476539611816,-5.0
-0.3187509699524234,1,1,0.4341444969177246,14.0
-0.2518345159376227,1,1,0.39075279235839844,19.0
-0.13312293831993605,1,1,0.41434192657470703,31.0
None,1,2,0.41385483741760254,-1.0
-0.4396740991281523,1,2,0.39609837532043457,2.0
-0.28651894803906897,1,2,0.40993261337280273,13.0
-0.24147438367467886,1,2,0.41336870193481445,15.0
-0.1308797248552472,1,2,0.4148285388946533,40.0
None,1,3,0.43608593940734863,-1.0
-0.43872718911618575,1,3,0.4278595447540283,-3.0
-0.24261626574275155,1,3,0.3922152519226074,10.0
-0.24928005399580244,1,3,0.39069700241088867,22.0
-0.1294660153129388,1,3,0.4272143840789795,42.0
None,1,4,0.4173014163970947,-2.0
-0.4238791574206593,1,4,0.4046502113342285,20.0
-0.38322017092770855,1,4,0.39112138748168945,15.0
-0.22278878342818884,1,4,0.41536927223205566,22.0
-0.16163323462928145,1,4,0.4374246597290039,39.0
None,1,5,0.393604040145874,-0.0
-0.47027263139972125,1,5,0.49152421951293945,-1.0
-0.31886707365567424,1,5,0.4848911762237549,24.0
-0.20737129910652538,1,5,0.407212495803833,24.0
-0.1356338180203342,1,5,0.4189608097076416,19.0
None,1,6,0.4275171756744385,-2.0
-0.45272918534401996,1,6,0.4160635471343994,-4.0
-0.3106818220777992,1,6,0.4128897190093994,23.0
-0.22817011652965036,1,6,0.41014623641967773,13.0
-0.11304812406035358,1,6,0.4262125492095947,50.0
None,1,7,0.4510524272918701,-3.0
-0.3963735797977206,1,7,0.42115306854248047,8.0
-0.38640686591967927,1,7,0.39290690422058105,4.0
-0.28695322973176646,1,7,0.38719916343688965,2.0
-0.10404069029092444,1,7,0.40778422355651855,32.0
None,1,8,0.4271376132965088,-0.0
-0.41383808554543544,1,8,0.4117603302001953,8.0
-0.3252370847608408,1,8,0.3999185562133789,6.0
-0.2428261335824216,1,8,0.41176629066467285,5.0
-0.1301999026929122,1,8,0.4489328861236572,37.0
None,1,9,0.4135932922363281,-2.0
-0.4007878594831078,1,9,0.39366793632507324,-11.0
-0.3116837719544138,1,9,0.39415836334228516,6.0
-0.21183476348230398,1,9,0.3695511817932129,48.0
-0.11821583127711735,1,9,0.4194061756134033,48.0
None,1,10,0.41966676712036133,-2.0
-0.4288904854821608,1,10,0.45977067947387695,-3.0
-0.3187032086184893,1,10,0.41297054290771484,11.0
-0.2353113698075846,1,10,0.4170186519622803,7.0
-0.14943124645109723,1,10,0.34949398040771484,50.0
None,2,1,0.6623387336730957,12.347826086956523
-0.46260031166688476,2,1,0.4370150566101074,36.91752577319588
-0.3187509699524234,2,1,0.4315767288208008,39.01719197707737
-0.2518345159376227,2,1,0.4550337791442871,46.71603053435115
-0.13312293831993605,2,1,0.4315354824066162,50.0
None,2,2,0.8041839599609375,11.710526315789476
-0.4396740991281523,2,2,0.5959923267364502,31.637837837837836
-0.28651894803906897,2,2,0.4696667194366455,39.79683377308707
-0.24147438367467886,2,2,0.44127464294433594,49.35678391959799
-0.1308797248552472,2,2,0.4266798496246338,47.61940298507463
None,2,3,0.577491044998169,13.27536231884058
-0.43872718911618575,2,3,0.5165960788726807,39.82905982905983
-0.24261626574275155,2,3,0.42368483543395996,43.02650176678445
-0.24928005399580244,2,3,0.41354823112487793,45.926966292134836
-0.1294660153129388,2,3,0.4335751533508301,44.73033707865169
None,2,4,0.7083258628845215,20.016949152542374
-0.4238791574206593,2,4,0.5127427577972412,42.44444444444444
-0.38322017092770855,2,4,0.4395782947540283,39.74017467248908
-0.22278878342818884,2,4,0.4553558826446533,45.972972972972975
-0.16163323462928145,2,4,0.4266340732574463,47.58078602620087
None,2,5,0.66680908203125,19.985294117647054
-0.47027263139972125,2,5,0.5067119598388672,29.770700636942674
-0.31886707365567424,2,5,0.4842071533203125,35.30081300813008
-0.20737129910652538,2,5,0.4562089443206787,46.4581589958159
-0.1356338180203342,2,5,0.41677427291870117,48.559633027522935
None,2,6,0.8659567832946777,13.392156862745098
-0.45272918534401996,2,6,0.5023128986358643,35.46808510638298
-0.3106818220777992,2,6,0.47661685943603516,41.857142857142854
-0.22817011652965036,2,6,0.4967188835144043,41.4119760479042
-0.11304812406035358,2,6,0.4089031219482422,50.0
None,2,7,0.6050474643707275,13.71764705882353
-0.3963735797977206,2,7,0.45339179039001465,44.08352668213457
-0.38640686591967927,2,7,0.48763108253479004,30.430107526899356
-0.28695322973176646,2,7,0.5351312160491943,41.49814126394052
-0.10404069029092444,2,7,0.44832539558410645,44.70987654320987
None,2,8,0.6383306980133057,14.666666666666664
-0.41383808554543544,2,8,0.48714566230773926,39.92631578947368
-0.3252370847608408,2,8,0.4727160930633545,43.05895953757226
-0.2428261335824216,2,8,0.47719550132751465,43.32173913043478
-0.1301999026929122,2,8,0.4479541778564453,48.777920410783054
None,2,9,0.5562560558319092,13.086956521739133
-0.4007878594831078,2,9,0.4386477470397949,43.800383877159305
-0.3116837719544138,2,9,0.43692612648010254,41.34104046242774
-0.21183476348230398,2,9,0.41420674324035645,48.0
-0.11821583127711735,2,9,0.4032294750213623,49.740412979351035
None,2,10,0.5837497711181641,17.666666666666668
-0.4288904854821608,2,10,0.5353522300720215,39.55006501950585
-0.3187032086184893,2,10,0.4007396697998047,48.20557491289199
-0.2353113698075846,2,10,0.5152437686920166,37.356550580431175
-0.14943124645109723,2,10,0.4012267589569092,50.0
None,3,1,0.49401378631591797,18.856807511737088
-0.46260031166688476,3,1,0.4616851806640625,39.23103155271059
-0.3187509699524234,3,1,0.4487419128417969,43.86250000000001
-0.2518345159376227,3,1,0.45999741554260254,46.762691316866196
-0.13312293831993605,3,1,0.4100813865661621,50.0
None,3,2,0.5760700702667236,22.378461538461536
-0.4396740991281523,3,2,0.5180292129516602,35.87124118213295
-0.28651894803906897,3,2,0.4352304935455322,47.50927064519848
-0.24147438367467886,3,2,0.41527223587036133,49.37266794271614
-0.1308797248552472,3,2,0.4378221035003662,47.936162171967595
None,3,3,0.5095412731170654,22.323974082073434
-0.43872718911618575,3,3,0.4813835620880127,40.8555712224554
-0.24261626574275155,3,3,0.39131712913513184,47.10624041080878
-0.24928005399580244,3,3,0.4103858470916748,46.85827459297611
-0.1294660153129388,3,3,0.44991588592529297,45.345652040753826
None,3,4,0.5725491046905518,22.411133467471494
-0.4238791574206593,3,4,0.45951175689697266,42.635093061056295
-0.38322017092770855,3,4,0.46345949172973633,44.80668816802472
-0.22278878342818884,3,4,0.4532508850097656,46.368894501651454
-0.16163323462928145,3,4,0.45421338081359863,48.57671099578333
None,3,5,0.6364450454711914,21.542027628190123
-0.47027263139972125,3,5,0.5168876647949219,37.504339745050935
-0.31886707365567424,3,5,0.45510244369506836,41.37951884338089
-0.20737129910652538,3,5,0.41390085220336914,46.4581589958159
-0.1356338180203342,3,5,0.4301719665527344,48.559633027522935
None,3,6,0.7060549259185791,23.985714285714284
-0.45272918534401996,3,6,0.450333833694458,44.798942039924
-0.3106818220777992,3,6,0.4272580146789551,47.930723923018974
-0.22817011652965036,3,6,0.4077892303466797,46.76346527741286
-0.11304812406035358,3,6,0.42734265327453613,50.0
None,3,7,0.5435359477996826,20.77953534354919
-0.3963735797977206,3,7,0.5086536407470703,44.29922810472456
-0.38640686591967927,3,7,0.4663410186767578,47.66091730260084
-0.28695322973176646,3,7,0.4244875907897949,44.15073151950719
-0.10404069029092444,3,7,0.4561336040496826,45.43488072211477
None,3,8,0.472841739654541,18.584745762711865
-0.41383808554543544,3,8,0.44707775115966797,42.893156674870376
-0.3252370847608408,3,8,0.4447751045227051,43.19065505849714
-0.2428261335824216,3,8,0.41055965423583984,45.97998262490041
-0.1301999026929122,3,8,0.47422099113464355,48.777920410783054
None,3,9,0.6528551578521729,15.449159021406722
-0.4007878594831078,3,9,0.454103946685791,43.800383877159305
-0.3116837719544138,3,9,0.4840877056121826,45.162750027109894
-0.21183476348230398,3,9,0.39460158348083496,48.0
-0.11821583127711735,3,9,0.44361186027526855,49.740412979351035
None,3,10,0.4828929901123047,21.40995946728431
-0.4288904854821608,3,10,0.4638521671295166,42.35458661164396
-0.3187032086184893,3,10,0.3884162902832031,48.20557491289199
-0.2353113698075846,3,10,0.4873480796813965,45.24598843761909
-0.14943124645109723,3,10,0.3747851848602295,50.0
None,4,1,0.5821166038513184,23.432468309796555
-0.46260031166688476,4,1,0.49330878257751465,39.23103155271059
-0.3187509699524234,4,1,0.5339641571044922,44.30595136864652
-0.2518345159376227,4,1,0.47930455207824707,46.79203968177702
-0.13312293831993605,4,1,0.445026159286499,50.0
None,4,2,0.5363874435424805,23.137955311816803
-0.4396740991281523,4,2,0.48808884620666504,41.80586360902585
-0.28651894803906897,4,2,0.41034746170043945,47.50927064519848
-0.24147438367467886,4,2,0.380295991897583,49.37266794271614
-0.1308797248552472,4,2,0.38308048248291016,48.22333415479913
None,4,3,0.479245662689209,25.587681474907477
-0.43872718911618575,4,3,0.45089006423950195,42.706628875898225
-0.24261626574275155,4,3,0.37273693084716797,47.10624041080878
-0.24928005399580244,4,3,0.4531886577606201,46.85827459297611
-0.1294660153129388,4,3,0.3967907428741455,45.73353831517263
None,4,4,0.4838099479675293,27.103420652302916
-0.4238791574206593,4,4,0.4847421646118164,44.64917629185013
-0.38322017092770855,4,4,0.46256470680236816,44.80668816802472
-0.22278878342818884,4,4,0.40636515617370605,46.451055478631275
-0.16163323462928145,4,4,0.3939085006713867,48.57671099578333
None,4,5,0.5944054126739502,22.51730828564795
-0.47027263139972125,4,5,0.49392223358154297,37.609720197399035
-0.31886707365567424,4,5,0.4409146308898926,43.01832791393989
-0.20737129910652538,4,5,0.40753912925720215,46.4581589958159
-0.1356338180203342,4,5,0.4281504154205322,48.559633027522935
None,4,6,0.6745288372039795,26.610007310829072
-0.45272918534401996,4,6,0.4467337131500244,45.73883260059495
-0.3106818220777992,4,6,0.42495179176330566,48.14408223244449
-0.22817011652965036,4,6,0.42371416091918945,46.76346527741286
-0.11304812406035358,4,6,0.4127480983734131,50.0
None,4,7,0.5022048950195312,26.065032150138535
-0.3963735797977206,4,7,0.4244825839996338,44.788071413575395
-0.38640686591967927,4,7,0.4457736015319824,48.084335476295635
-0.28695322973176646,4,7,0.43134260177612305,45.360388882055325
-0.10404069029092444,4,7,0.45537281036376953,45.86592322424071
None,4,8,0.5147695541381836,20.9922613989063
-0.41383808554543544,4,8,0.47322726249694824,42.893156674870376
-0.3252370847608408,4,8,0.4267425537109375,43.70934710561309
-0.2428261335824216,4,8,0.41360926628112793,46.27212064982068
-0.1301999026929122,4,8,0.4488489627838135,48.777920410783054
None,4,9,0.5289058685302734,22.474656694537604
-0.4007878594831078,4,9,0.45986366271972656,43.800383877159305
-0.3116837719544138,4,9,0.4811089038848877,45.162750027109894
-0.21183476348230398,4,9,0.40981364250183105,48.0
-0.11821583127711735,4,9,0.361156702041626,49.740412979351035
None,4,10,0.5154752731323242,23.827436169272904
-0.4288904854821608,4,10,0.4832005500793457,42.61298787476814
-0.3187032086184893,4,10,0.43671536445617676,48.20557491289199
-0.2353113698075846,4,10,0.41942834854125977,45.24598843761909
-0.14943124645109723,4,10,0.382843017578125,50.0
None,5,1,0.4434952735900879,27.56712805036823
-0.46260031166688476,5,1,0.4637491703033447,39.23103155271059
-0.3187509699524234,5,1,0.42571234703063965,44.79742751020061
-0.2518345159376227,5,1,0.4929647445678711,46.79203968177702
-0.13312293831993605,5,1,0.420748233795166,50.0
None,5,2,0.5268466472625732,25.634295446968515
-0.4396740991281523,5,2,0.45972299575805664,42.76786639632671
-0.28651894803906897,5,2,0.43828392028808594,47.50927064519848
-0.24147438367467886,5,2,0.36995673179626465,49.37266794271614
-0.1308797248552472,5,2,0.37980175018310547,48.269045382666434
None,5,3,0.5023581981658936,25.805555233062705
-0.43872718911618575,5,3,0.5082170963287354,42.706628875898225
-0.24261626574275155,5,3,0.37520432472229004,47.10624041080878
-0.24928005399580244,5,3,0.4390900135040283,46.85827459297611
-0.1294660153129388,5,3,0.41241455078125,45.96777516554109
None,5,4,0.4927504062652588,27.805997815696927
-0.4238791574206593,5,4,0.44844746589660645,44.803708734247664
-0.38322017092770855,5,4,0.44103550910949707,44.80668816802472
-0.22278878342818884,5,4,0.4532909393310547,46.451055478631275
-0.16163323462928145,5,4,0.3952915668487549,48.57671099578333
None,5,5,0.5011956691741943,22.51730828564795
-0.47027263139972125,5,5,0.4534780979156494,38.58047550203608
-0.31886707365567424,5,5,0.4339792728424072,43.01832791393989
-0.20737129910652538,5,5,0.42553114891052246,46.4581589958159
-0.1356338180203342,5,5,0.39330077171325684,48.559633027522935
None,5,6,0.5497891902923584,27.20117238446479
-0.45272918534401996,5,6,0.45499229431152344,45.78838443018512
-0.3106818220777992,5,6,0.39990830421447754,48.14408223244449
-0.22817011652965036,5,6,0.4305403232574463,46.76346527741286
-0.11304812406035358,5,6,0.42507505416870117,50.0
None,5,7,0.46913790702819824,27.365230652127842
-0.3963735797977206,5,7,0.44035935401916504,44.84966334558257
-0.38640686591967927,5,7,0.4206812381744385,48.084335476295635
-0.28695322973176646,5,7,0.44501757621765137,45.360388882055325
-0.10404069029092444,5,7,0.38796043395996094,46.122789697996325
None,5,8,0.45483899116516113,22.44738983918011
-0.41383808554543544,5,8,0.445554256439209,42.893156674870376
-0.3252370847608408,5,8,0.441882848739624,43.70934710561309
-0.2428261335824216,5,8,0.42581796646118164,46.27212064982068
-0.1301999026929122,5,8,0.43027257919311523,48.777920410783054
None,5,9,0.4969451427459717,24.537062212164827
-0.4007878594831078,5,9,0.44532060623168945,43.800383877159305
-0.3116837719544138,5,9,0.44040775299072266,45.162750027109894
-0.21183476348230398,5,9,0.40793919563293457,48.0
-0.11821583127711735,5,9,0.38167905807495117,49.740412979351035
None,5,10,0.5362401008605957,24.830325182654747
-0.4288904854821608,5,10,0.4763338565826416,43.084721568462875
-0.3187032086184893,5,10,0.409390926361084,48.20557491289199
-0.2353113698075846,5,10,0.4177062511444092,45.24598843761909
-0.14943124645109723,5,10,0.3827683925628662,50.0
None,6,1,0.47333860397338867,27.95814853413679
-0.46260031166688476,6,1,0.46600770950317383,39.23103155271059
-0.3187509699524234,6,1,0.42127394676208496,44.79742751020061
-0.2518345159376227,6,1,0.43875765800476074,46.79203968177702
-0.13312293831993605,6,1,0.4149658679962158,50.0
None,6,2,0.4765911102294922,26.67386735102697
-0.4396740991281523,6,2,0.4502403736114502,42.91700346936971
-0.28651894803906897,6,2,0.40364718437194824,47.50927064519848
-0.24147438367467886,6,2,0.3630549907684326,49.37266794271614
-0.1308797248552472,6,2,0.4117908477783203,48.269045382666434
None,6,3,0.47141218185424805,26.37082732009658
-0.43872718911618575,6,3,0.49717044830322266,42.706628875898225
-0.24261626574275155,6,3,0.3903627395629883,47.10624041080878
-0.24928005399580244,6,3,0.4084584712982178,46.85827459297611
-0.1294660153129388,6,3,0.40717554092407227,45.96777516554109
None,6,4,0.48352694511413574,28.069717381876664
-0.4238791574206593,6,4,0.46712160110473633,44.803708734247664
-0.38322017092770855,6,4,0.41903042793273926,44.80668816802472
-0.22278878342818884,6,4,0.4058680534362793,46.451055478631275
-0.16163323462928145,6,4,0.43932533264160156,48.57671099578333
None,6,5,0.49420881271362305,24.34545823659376
-0.47027263139972125,6,5,0.5148382186889648,38.680510287861544
-0.31886707365567424,6,5,0.4217832088470459,43.01832791393989
-0.20737129910652538,6,5,0.4449958801269531,46.4581589958159
-0.1356338180203342,6,5,0.42002391815185547,48.559633027522935
None,6,6,0.5243253707885742,27.461627087421352
-0.45272918534401996,6,6,0.4492011070251465,45.78838443018512
-0.3106818220777992,6,6,0.4371922016143799,48.14408223244449
-0.22817011652965036,6,6,0.40286779403686523,46.76346527741286
-0.11304812406035358,6,6,0.40532970428466797,50.0
None,6,7,0.4980435371398926,28.800104862928222
-0.3963735797977206,6,7,0.4506244659423828,44.86749729087504
-0.38640686591967927,6,7,0.47742462158203125,48.084335476295635
-0.28695322973176646,6,7,0.43440699577331543,45.360388882055325
-0.10404069029092444,6,7,0.41217470169067383,46.122789697996325
None,6,8,0.4709739685058594,23.911845038769993
-0.41383808554543544,6,8,0.44415760040283203,42.893156674870376
-0.3252370847608408,6,8,0.44071316719055176,43.70934710561309
-0.2428261335824216,6,8,0.4506101608276367,46.27212064982068
-0.1301999026929122,6,8,0.5224790573120117,48.777920410783054
None,6,9,0.5035340785980225,25.053323213775403
-0.4007878594831078,6,9,0.4276714324951172,43.800383877159305
-0.3116837719544138,6,9,0.4253568649291992,45.162750027109894
-0.21183476348230398,6,9,0.38767099380493164,48.0
-0.11821583127711735,6,9,0.3603336811065674,49.740412979351035
None,6,10,0.482097864151001,25.02368157805867
-0.4288904854821608,6,10,0.4313194751739502,43.084721568462875
-0.3187032086184893,6,10,0.4030764102935791,48.20557491289199
-0.2353113698075846,6,10,0.41016650199890137,45.24598843761909
-0.14943124645109723,6,10,0.35625553131103516,50.0
None,7,1,0.4409043788909912,28.112077222946716
-0.46260031166688476,7,1,0.4873046875,39.23103155271058
-0.3187509699524234,7,1,0.4249145984649658,44.79742751020061
-0.2518345159376227,7,1,0.4339160919189453,46.79203968177702
-0.13312293831993605,7,1,0.4084513187408447,50.0
None,7,2,0.479508638381958,27.293884843526243
-0.4396740991281523,7,2,0.4778318405151367,42.91700346936971
-0.28651894803906897,7,2,0.4081423282623291,47.50927064519848
-0.24147438367467886,7,2,0.3851606845855713,49.37266794271614
-0.1308797248552472,7,2,0.3942451477050781,48.269045382666434
None,7,3,0.45584535598754883,26.381230493628884
-0.43872718911618575,7,3,0.4446887969970703,42.706628875898225
-0.24261626574275155,7,3,0.4071841239929199,47.10624041080878
-0.24928005399580244,7,3,0.4226372241973877,46.85827459297611
-0.1294660153129388,7,3,0.38351988792419434,45.96777516554109
None,7,4,0.4814646244049072,28.069717381876664
-0.4238791574206593,7,4,0.4502596855163574,44.803708734247664
-0.38322017092770855,7,4,0.4543039798736572,44.80668816802472
-0.22278878342818884,7,4,0.40846848487854004,46.451055478631275
-0.16163323462928145,7,4,0.4077765941619873,48.57671099578333
None,7,5,0.48302268981933594,25.0943066954926
-0.47027263139972125,7,5,0.47641921043395996,38.680510287861544
-0.31886707365567424,7,5,0.427074670791626,43.01832791393989
-0.20737129910652538,7,5,0.4581618309020996,46.4581589958159
-0.1356338180203342,7,5,0.4256703853607178,48.559633027522935
None,7,6,0.45429301261901855,27.62379558261831
-0.45272918534401996,7,6,0.43512773513793945,45.78838443018512
-0.3106818220777992,7,6,0.43442606925964355,48.14408223244449
-0.22817011652965036,7,6,0.4533717632293701,46.76346527741286
-0.11304812406035358,7,6,0.38139796257019043,50.0
None,7,7,0.441648006439209,29.815014400089677
-0.3963735797977206,7,7,0.4117765426635742,44.86749729087504
-0.38640686591967927,7,7,0.4271509647369385,48.084335476295635
-0.28695322973176646,7,7,0.4012107849121094,45.360388882055325
-0.10404069029092444,7,7,0.42853426933288574,46.122789697996325
None,7,8,0.4464292526245117,24.01978417742653
-0.41383808554543544,7,8,0.4520590305328369,42.893156674870376
-0.3252370847608408,7,8,0.4312448501586914,43.70934710561309
-0.2428261335824216,7,8,0.3994910717010498,46.27212064982068
-0.1301999026929122,7,8,0.44173169136047363,48.777920410783054
None,7,9,0.42386388778686523,25.053323213775403
-0.4007878594831078,7,9,0.4374878406524658,43.800383877159305
-0.3116837719544138,7,9,0.4020869731903076,45.162750027109894
-0.21183476348230398,7,9,0.3822600841522217,48.0
-0.11821583127711735,7,9,0.3677687644958496,49.740412979351035
None,7,10,0.4595930576324463,25.124940790623455
-0.4288904854821608,7,10,0.42554259300231934,43.084721568462875
-0.3187032086184893,7,10,0.4068641662597656,48.20557491289199
-0.2353113698075846,7,10,0.4361145496368408,45.24598843761909
-0.14943124645109723,7,10,0.34804201126098633,50.0
None,8,1,0.44159698486328125,28.139162986525026
-0.46260031166688476,8,1,0.5176630020141602,39.23103155271058
-0.3187509699524234,8,1,0.4444108009338379,44.79742751020061
-0.2518345159376227,8,1,0.4200882911682129,46.79203968177702
-0.13312293831993605,8,1,0.4187130928039551,50.0
None,8,2,0.43047308921813965,27.293884843526243
-0.4396740991281523,8,2,0.4368166923522949,42.91700346936971
-0.28651894803906897,8,2,0.38336873054504395,47.50927064519848
-0.24147438367467886,8,2,0.3599071502685547,49.37266794271614
-0.1308797248552472,8,2,0.408480167388916,48.269045382666434
None,8,3,0.4624948501586914,26.381230493628884
-0.43872718911618575,8,3,0.438464879989624,42.706628875898225
-0.24261626574275155,8,3,0.42557430267333984,47.10624041080878
-0.24928005399580244,8,3,0.4409630298614502,46.85827459297611
-0.1294660153129388,8,3,0.40410947799682617,45.96777516554109
None,8,4,0.42210888862609863,28.069717381876664
-0.4238791574206593,8,4,0.4291715621948242,44.803708734247664
-0.38322017092770855,8,4,0.4432368278503418,44.80668816802472
-0.22278878342818884,8,4,0.45772719383239746,46.451055478631275
-0.16163323462928145,8,4,0.401320219039917,48.57671099578333
None,8,5,0.49739527702331543,25.201003932390527
-0.47027263139972125,8,5,0.45014023780822754,38.680510287861544
-0.31886707365567424,8,5,0.4296691417694092,43.01832791393989
-0.20737129910652538,8,5,0.4166536331176758,46.4581589958159
-0.1356338180203342,8,5,0.39528799057006836,48.559633027522935
None,8,6,0.47919392585754395,27.62379558261831
-0.45272918534401996,8,6,0.4307079315185547,45.78838443018512
-0.3106818220777992,8,6,0.4461824893951416,48.14408223244449
-0.22817011652965036,8,6,0.3908720016479492,46.76346527741286
-0.11304812406035358,8,6,0.3766520023345947,50.0
None,8,7,0.4289360046386719,29.95335369917505
-0.3963735797977206,8,7,0.4472537040710449,44.86749729087504
-0.38640686591967927,8,7,0.46451234817504883,48.084335476295635
-0.28695322973176646,8,7,0.4197366237640381,45.360388882055325
-0.10404069029092444,8,7,0.42023253440856934,46.122789697996325
None,8,8,0.4778554439544678,24.05105173992805
-0.41383808554543544,8,8,0.4324493408203125,42.893156674870376
-0.3252370847608408,8,8,0.411984920501709,43.70934710561309
-0.2428261335824216,8,8,0.42182397842407227,46.27212064982068
-0.1301999026929122,8,8,0.4208822250366211,48.777920410783054
None,8,9,0.4391000270843506,25.053323213775403
-0.4007878594831078,8,9,0.4195821285247803,43.800383877159305
-0.3116837719544138,8,9,0.42043542861938477,45.162750027109894
-0.21183476348230398,8,9,0.42453956604003906,48.0
-0.11821583127711735,8,9,0.37790417671203613,49.740412979351035
None,8,10,0.4555659294128418,25.124940790623455
-0.4288904854821608,8,10,0.457930326461792,43.084721568462875
-0.3187032086184893,8,10,0.38134169578552246,48.20557491289199
-0.2353113698075846,8,10,0.44558167457580566,45.24598843761909
-0.14943124645109723,8,10,0.3418445587158203,50.0
None,9,1,0.44169139862060547,28.139162986525026
-0.46260031166688476,9,1,0.4676783084869385,39.23103155271058
-0.3187509699524234,9,1,0.41982197761535645,44.79742751020061
-0.2518345159376227,9,1,0.40146398544311523,46.79203968177702
-0.13312293831993605,9,1,0.3967268466949463,50.0
None,9,2,0.43344902992248535,27.293884843526243
-0.4396740991281523,9,2,0.43317151069641113,42.91700346936971
-0.28651894803906897,9,2,0.46126770973205566,47.50927064519848
-0.24147438367467886,9,2,0.3958587646484375,49.37266794271614
-0.1308797248552472,9,2,0.375596284866333,48.269045382666434
None,9,3,0.4358494281768799,26.381230493628884
-0.43872718911618575,9,3,0.43381571769714355,42.706628875898225
-0.24261626574275155,9,3,0.37247323989868164,47.10624041080878
-0.24928005399580244,9,3,0.41872215270996094,46.85827459297611
-0.1294660153129388,9,3,0.399367094039917,45.96777516554109
None,9,4,0.45570969581604004,28.069717381876664
-0.4238791574206593,9,4,0.45891666412353516,44.803708734247664
-0.38322017092770855,9,4,0.42926549911499023,44.80668816802472
-0.22278878342818884,9,4,0.4195399284362793,46.451055478631275
-0.16163323462928145,9,4,0.3779768943786621,48.57671099578333
None,9,5,0.4323592185974121,25.284807913676296
-0.47027263139972125,9,5,0.4664592742919922,38.680510287861544
-0.31886707365567424,9,5,0.46166372299194336,43.01832791393989
-0.20737129910652538,9,5,0.4104440212249756,46.4581589958159
-0.1356338180203342,9,5,0.40628480911254883,48.559633027522935
None,9,6,0.47000718116760254,27.62379558261831
-0.45272918534401996,9,6,0.39598703384399414,45.78838443018512
-0.3106818220777992,9,6,0.4166452884674072,48.14408223244449
-0.22817011652965036,9,6,0.43078112602233887,46.76346527741286
-0.11304812406035358,9,6,0.3974037170410156,50.0
None,9,7,0.4707026481628418,29.98123837568178
-0.3963735797977206,9,7,0.41765880584716797,44.86749729087504
-0.38640686591967927,9,7,0.42363619804382324,48.084335476295635
-0.28695322973176646,9,7,0.47837066650390625,45.360388882055325
-0.10404069029092444,9,7,0.3988766670227051,46.122789697996325
None,9,8,0.442227840423584,24.222260303841082
-0.41383808554543544,9,8,0.43297529220581055,42.893156674870376
-0.3252370847608408,9,8,0.42642855644226074,43.70934710561309
-0.2428261335824216,9,8,0.43164658546447754,46.27212064982068
-0.1301999026929122,9,8,0.40360069274902344,48.777920410783054
None,9,9,0.41782045364379883,25.053323213775403
-0.4007878594831078,9,9,0.44887280464172363,43.800383877159305
-0.3116837719544138,9,9,0.4013254642486572,45.162750027109894
-0.21183476348230398,9,9,0.40428805351257324,48.0
-0.11821583127711735,9,9,0.35459136962890625,49.740412979351035
None,9,10,0.4378848075866699,25.124940790623455
-0.4288904854821608,9,10,0.4033529758453369,43.084721568462875
-0.3187032086184893,9,10,0.3795771598815918,48.20557491289199
-0.2353113698075846,9,10,0.42316770553588867,45.24598843761909
-0.14943124645109723,9,10,0.35739850997924805,50.0
None,10,1,0.43440914154052734,28.139162986525026
-0.46260031166688476,10,1,0.4953746795654297,39.23103155271059
-0.3187509699524234,10,1,0.4146280288696289,44.79742751020061
-0.2518345159376227,10,1,0.4230811595916748,46.79203968177702
-0.13312293831993605,10,1,0.4465293884277344,50.0
None,10,2,0.43821167945861816,27.293884843526243
-0.4396740991281523,10,2,0.4177429676055908,42.91700346936971
-0.28651894803906897,10,2,0.40918636322021484,47.50927064519848
-0.24147438367467886,10,2,0.36480069160461426,49.37266794271614
-0.1308797248552472,10,2,0.3965921401977539,48.269045382666434
None,10,3,0.41483235359191895,26.381230493628884
-0.43872718911618575,10,3,0.47083353996276855,42.706628875898225
-0.24261626574275155,10,3,0.390641450881958,47.10624041080878
-0.24928005399580244,10,3,0.3998703956604004,46.85827459297611
-0.1294660153129388,10,3,0.4251070022583008,45.96777516554109
None,10,4,0.4438290596008301,28.069717381876664
-0.4238791574206593,10,4,0.43996357917785645,44.803708734247664
-0.38322017092770855,10,4,0.4462718963623047,44.80668816802472
-0.22278878342818884,10,4,0.4011404514312744,46.451055478631275
-0.16163323462928145,10,4,0.4218125343322754,48.57671099578333
None,10,5,0.419445276260376,25.284807913676296
-0.47027263139972125,10,5,0.46376633644104004,38.680510287861544
-0.31886707365567424,10,5,0.409299373626709,43.01832791393989
-0.20737129910652538,10,5,0.4146885871887207,46.4581589958159
-0.1356338180203342,10,5,0.4098968505859375,48.559633027522935
None,10,6,0.4485933780670166,27.62379558261831
-0.45272918534401996,10,6,0.4202444553375244,45.78838443018512
-0.3106818220777992,10,6,0.45196056365966797,48.14408223244449
-0.22817011652965036,10,6,0.43070530891418457,46.76346527741286
-0.11304812406035358,10,6,0.4232444763183594,50.0
None,10,7,0.45084142684936523,29.98123837568178
-0.3963735797977206,10,7,0.42026567459106445,44.86749729087504
-0.38640686591967927,10,7,0.4234640598297119,48.084335476295635
-0.28695322973176646,10,7,0.39804887771606445,45.360388882055325
-0.10404069029092444,10,7,0.3843245506286621,46.122789697996325
None,10,8,0.4344809055328369,24.222260303841082
-0.41383808554543544,10,8,0.42592811584472656,42.893156674870376
-0.3252370847608408,10,8,0.4081108570098877,43.70934710561309
-0.2428261335824216,10,8,0.39749574661254883,46.27212064982068
-0.1301999026929122,10,8,0.4022538661956787,48.777920410783054
None,10,9,0.42715883255004883,25.053323213775403
-0.4007878594831078,10,9,0.43930983543395996,43.800383877159305
-0.3116837719544138,10,9,0.40372204780578613,45.162750027109894
-0.21183476348230398,10,9,0.41620969772338867,48.0
-0.11821583127711735,10,9,0.4052238464355469,49.740412979351035
None,10,10,0.47963857650756836,25.124940790623455
-0.4288904854821608,10,10,0.43874168395996094,43.084721568462875
-0.3187032086184893,10,10,0.39412593841552734,48.20557491289199
-0.2353113698075846,10,10,0.434934139251709,45.24598843761909
-0.14943124645109723,10,10,0.38224244117736816,50.0
None,11,1,0.4384491443634033,28.139162986525026
-0.46260031166688476,11,1,0.4624648094177246,39.23103155271059
-0.3187509699524234,11,1,0.41152477264404297,44.79742751020061
-0.2518345159376227,11,1,0.4154376983642578,46.79203968177702
-0.13312293831993605,11,1,0.39343905448913574,50.0
None,11,2,0.448392391204834,27.293884843526243
-0.4396740991281523,11,2,0.4600076675415039,42.91700346936971
-0.28651894803906897,11,2,0.41570115089416504,47.50927064519848
-0.24147438367467886,11,2,0.3804044723510742,49.37266794271614
-0.1308797248552472,11,2,0.4767770767211914,48.269045382666434
None,11,3,0.4199495315551758,26.381230493628884
-0.43872718911618575,11,3,0.4608948230743408,42.706628875898225
-0.24261626574275155,11,3,0.38641810417175293,47.10624041080878
-0.24928005399580244,11,3,0.4242706298828125,46.85827459297611
-0.1294660153129388,11,3,0.3856041431427002,45.96777516554109
None,11,4,0.41824793815612793,28.069717381876664
-0.4238791574206593,11,4,0.4577062129974365,44.803708734247664
-0.38322017092770855,11,4,0.4131429195404053,44.80668816802472
-0.22278878342818884,11,4,0.4117128849029541,46.451055478631275
-0.16163323462928145,11,4,0.3819541931152344,48.57671099578333
None,11,5,0.41674232482910156,25.284807913676296
-0.47027263139972125,11,5,0.4554924964904785,38.680510287861544
-0.31886707365567424,11,5,0.40070009231567383,43.01832791393989
-0.20737129910652538,11,5,0.41108083724975586,46.4581589958159
-0.1356338180203342,11,5,0.42114806175231934,48.559633027522935
None,11,6,0.43576884269714355,27.62379558261831
-0.45272918534401996,11,6,0.40291380882263184,45.78838443018512
-0.3106818220777992,11,6,0.42419981956481934,48.14408223244449
-0.22817011652965036,11,6,0.4199814796447754,46.76346527741286
-0.11304812406035358,11,6,0.373121976852417,50.0
None,11,7,0.4397132396697998,29.98123837568178
-0.3963735797977206,11,7,0.4272584915161133,44.86749729087504
-0.38640686591967927,11,7,0.43921422958374023,48.084335476295635
-0.28695322973176646,11,7,0.4155893325805664,45.360388882055325
-0.10404069029092444,11,7,0.40190553665161133,46.122789697996325
None,11,8,0.43532490730285645,24.222260303841082
-0.41383808554543544,11,8,0.4753282070159912,42.893156674870376
-0.3252370847608408,11,8,0.4473721981048584,43.70934710561309
-0.2428261335824216,11,8,0.4183659553527832,46.27212064982068
-0.1301999026929122,11,8,0.42360901832580566,48.777920410783054
None,11,9,0.4098093509674072,25.053323213775403
-0.4007878594831078,11,9,0.44661474227905273,43.800383877159305
-0.3116837719544138,11,9,0.39987754821777344,45.162750027109894
-0.21183476348230398,11,9,0.41281986236572266,48.0
-0.11821583127711735,11,9,0.3539860248565674,49.740412979351035
None,11,10,0.44653773307800293,25.124940790623455
-0.4288904854821608,11,10,0.4384040832519531,43.084721568462875
-0.3187032086184893,11,10,0.4447441101074219,48.20557491289199
-0.2353113698075846,11,10,0.41162943840026855,45.24598843761909
-0.14943124645109723,11,10,0.3508479595184326,50.0
None,12,1,0.4162585735321045,28.139162986525026
-0.46260031166688476,12,1,0.4666602611541748,39.23103155271059
-0.3187509699524234,12,1,0.41122913360595703,44.79742751020061
-0.2518345159376227,12,1,0.4226384162902832,46.79203968177702
-0.13312293831993605,12,1,0.38847804069519043,50.0
None,12,2,0.4496581554412842,27.293884843526243
-0.4396740991281523,12,2,0.42900681495666504,42.91700346936971
-0.28651894803906897,12,2,0.4433176517486572,47.50927064519848
-0.24147438367467886,12,2,0.36040401458740234,49.37266794271614
-0.1308797248552472,12,2,0.3736228942871094,48.269045382666434
None,12,3,0.4335298538208008,26.381230493628884
-0.43872718911618575,12,3,0.4627413749694824,42.706628875898225
-0.24261626574275155,12,3,0.36993885040283203,47.10624041080878
-0.24928005399580244,12,3,0.4514343738555908,46.85827459297611
-0.1294660153129388,12,3,0.3925662040710449,45.96777516554109
None,12,4,0.45436978340148926,28.069717381876664
-0.4238791574206593,12,4,0.4449431896209717,44.803708734247664
-0.38322017092770855,12,4,0.42353200912475586,44.80668816802472
-0.22278878342818884,12,4,0.3946211338043213,46.451055478631275
-0.16163323462928145,12,4,0.4156012535095215,48.57671099578333
None,12,5,0.42279577255249023,25.284807913676296
-0.47027263139972125,12,5,0.463886022567749,38.680510287861544
-0.31886707365567424,12,5,0.4087357521057129,43.01832791393989
-0.20737129910652538,12,5,0.4155864715576172,46.4581589958159
-0.1356338180203342,12,5,0.39491891860961914,48.559633027522935
None,12,6,0.4154841899871826,27.62379558261831
-0.45272918534401996,12,6,0.41501808166503906,45.78838443018512
-0.3106818220777992,12,6,0.40633654594421387,48.14408223244449
-0.22817011652965036,12,6,0.49817895889282227,46.76346527741286
-0.11304812406035358,12,6,0.4182150363922119,50.0
None,12,7,0.44404006004333496,29.98123837568178
-0.3963735797977206,12,7,0.4095604419708252,44.86749729087504
-0.38640686591967927,12,7,0.40419983863830566,48.084335476295635
-0.28695322973176646,12,7,0.3959381580352783,45.360388882055325
-0.10404069029092444,12,7,0.45877552032470703,46.122789697996325
None,12,8,0.413480281829834,24.222260303841082
-0.41383808554543544,12,8,0.434969425201416,42.893156674870376
-0.3252370847608408,12,8,0.4459209442138672,43.70934710561309
-0.2428261335824216,12,8,0.43478918075561523,46.27212064982068
-0.1301999026929122,12,8,0.4399588108062744,48.777920410783054
None,12,9,0.4300272464752197,25.053323213775403
-0.4007878594831078,12,9,0.41988086700439453,43.800383877159305
-0.3116837719544138,12,9,0.40198230743408203,45.162750027109894
-0.21183476348230398,12,9,0.4395785331726074,48.0
-0.11821583127711735,12,9,0.3536369800567627,49.74041297935103
None,12,10,0.4374072551727295,25.124940790623455
-0.4288904854821608,12,10,0.48264575004577637,43.084721568462875
-0.3187032086184893,12,10,0.3941309452056885,48.20557491289199
-0.2353113698075846,12,10,0.46124958992004395,45.24598843761909
-0.14943124645109723,12,10,0.34255337715148926,50.0
None,13,1,0.4338185787200928,28.139162986525026
-0.46260031166688476,13,1,0.42944788932800293,39.23103155271059
-0.3187509699524234,13,1,0.42789554595947266,44.79742751020061
-0.2518345159376227,13,1,0.39126110076904297,46.79203968177702
-0.13312293831993605,13,1,0.3871495723724365,50.0
None,13,2,0.41549038887023926,27.293884843526243
-0.4396740991281523,13,2,0.4571871757507324,42.91700346936971
-0.28651894803906897,13,2,0.3827366828918457,47.50927064519848
-0.24147438367467886,13,2,0.3637552261352539,49.37266794271614
-0.1308797248552472,13,2,0.39377284049987793,48.269045382666434
None,13,3,0.41431736946105957,26.381230493628884
-0.43872718911618575,13,3,0.4362783432006836,42.706628875898225
-0.24261626574275155,13,3,0.38481783866882324,47.10624041080878
-0.24928005399580244,13,3,0.3893544673919678,46.85827459297611
-0.1294660153129388,13,3,0.3773007392883301,45.96777516554109
None,13,4,0.4390444755554199,28.069717381876664
-0.4238791574206593,13,4,0.48860883712768555,44.803708734247664
-0.38322017092770855,13,4,0.4431755542755127,44.80668816802472
-0.22278878342818884,13,4,0.3976728916168213,46.451055478631275
-0.16163323462928145,13,4,0.3968358039855957,48.57671099578333
None,13,5,0.44016098976135254,25.284807913676296
-0.47027263139972125,13,5,0.42076826095581055,38.680510287861544
-0.31886707365567424,13,5,0.4502987861633301,43.01832791393989
-0.20737129910652538,13,5,0.3934597969055176,46.4581589958159
-0.1356338180203342,13,5,0.41708803176879883,48.559633027522935
None,13,6,0.4119133949279785,27.62379558261831
-0.45272918534401996,13,6,0.41148877143859863,45.78838443018512
-0.3106818220777992,13,6,0.4223594665527344,48.14408223244449
-0.22817011652965036,13,6,0.3837895393371582,46.76346527741286
-0.11304812406035358,13,6,0.3738210201263428,50.0
None,13,7,0.41735100746154785,29.98123837568178
-0.3963735797977206,13,7,0.39782071113586426,44.86749729087504
-0.38640686591967927,13,7,0.44008922576904297,48.084335476295635
-0.28695322973176646,13,7,0.4187197685241699,45.360388882055325
-0.10404069029092444,13,7,0.42028045654296875,46.122789697996325
None,13,8,0.43276000022888184,24.222260303841082
-0.41383808554543544,13,8,0.4393770694732666,42.893156674870376
-0.3252370847608408,13,8,0.4100329875946045,43.70934710561309
-0.2428261335824216,13,8,0.390613317489624,46.27212064982068
-0.1301999026929122,13,8,0.43697285652160645,48.777920410783054
None,13,9,0.43715977668762207,25.053323213775403
-0.4007878594831078,13,9,0.4172656536102295,43.800383877159305
-0.3116837719544138,13,9,0.40191650390625,45.162750027109894
-0.21183476348230398,13,9,0.42198681831359863,48.0
-0.11821583127711735,13,9,0.35317206382751465,49.74041297935103
None,13,10,0.4149754047393799,25.124940790623455
-0.4288904854821608,13,10,0.44202256202697754,43.084721568462875
-0.3187032086184893,13,10,0.43553972244262695,48.20557491289199
-0.2353113698075846,13,10,0.41921114921569824,45.24598843761909
-0.14943124645109723,13,10,0.366288423538208,50.0
None,14,1,0.43980908393859863,28.139162986525026
-0.46260031166688476,14,1,0.49520111083984375,39.23103155271059
-0.3187509699524234,14,1,0.43294572830200195,44.79742751020061
-0.2518345159376227,14,1,0.40956807136535645,46.79203968177702
-0.13312293831993605,14,1,0.41750407218933105,50.0
None,14,2,0.4526352882385254,27.293884843526243
-0.4396740991281523,14,2,0.43369150161743164,42.91700346936971
-0.28651894803906897,14,2,0.4002861976623535,47.50927064519848
-0.24147438367467886,14,2,0.3798849582672119,49.37266794271614
-0.1308797248552472,14,2,0.371567964553833,48.269045382666434
None,14,3,0.47638607025146484,26.381230493628884
-0.43872718911618575,14,3,0.434614896774292,42.706628875898225
-0.24261626574275155,14,3,0.43710875511169434,47.10624041080878
-0.24928005399580244,14,3,0.3970611095428467,46.85827459297611
-0.1294660153129388,14,3,0.38721513748168945,45.96777516554109
None,14,4,0.411541223526001,28.069717381876664
-0.4238791574206593,14,4,0.4755086898803711,44.803708734247664
-0.38322017092770855,14,4,0.4403996467590332,44.80668816802472
-0.22278878342818884,14,4,0.41267824172973633,46.451055478631275
-0.16163323462928145,14,4,0.41718053817749023,48.57671099578333
None,14,5,0.4351217746734619,25.284807913676296
-0.47027263139972125,14,5,0.4316060543060303,38.680510287861544
-0.31886707365567424,14,5,0.4444553852081299,43.01832791393989
-0.20737129910652538,14,5,0.4047672748565674,46.4581589958159
-0.1356338180203342,14,5,0.43978381156921387,48.559633027522935
None,14,6,0.4117119312286377,27.62379558261831
-0.45272918534401996,14,6,0.4289405345916748,45.78838443018512
-0.3106818220777992,14,6,0.4217040538787842,48.14408223244449
-0.22817011652965036,14,6,0.4035522937774658,46.76346527741286
-0.11304812406035358,14,6,0.3751261234283447,50.0
None,14,7,0.4161376953125,29.98123837568178
-0.3963735797977206,14,7,0.4293086528778076,44.86749729087504
-0.38640686591967927,14,7,0.4022519588470459,48.084335476295635
-0.28695322973176646,14,7,0.43625450134277344,45.360388882055325
-0.10404069029092444,14,7,0.38463640213012695,46.122789697996325
None,14,8,0.4276769161224365,24.222260303841082
-0.41383808554543544,14,8,0.4620246887207031,42.893156674870376
-0.3252370847608408,14,8,0.42937135696411133,43.70934710561309
-0.2428261335824216,14,8,0.44433093070983887,46.27212064982068
-0.1301999026929122,14,8,0.4066801071166992,48.777920410783054
None,14,9,0.4129822254180908,25.053323213775403
-0.4007878594831078,14,9,0.435375452041626,43.800383877159305
-0.3116837719544138,14,9,0.4020984172821045,45.162750027109894
-0.21183476348230398,14,9,0.42084574699401855,48.0
-0.11821583127711735,14,9,0.3535780906677246,49.74041297935103
None,14,10,0.41336989402770996,25.124940790623455
-0.4288904854821608,14,10,0.4327709674835205,43.084721568462875
-0.3187032086184893,14,10,0.3813748359680176,48.20557491289199
-0.2353113698075846,14,10,0.4364323616027832,45.24598843761909
-0.14943124645109723,14,10,0.36405086517333984,50.0
None,15,1,0.4116396903991699,28.139162986525026
-0.46260031166688476,15,1,0.408203125,39.23103155271059
-0.3187509699524234,15,1,0.44721055030822754,44.79742751020061
-0.2518345159376227,15,1,0.4068636894226074,46.79203968177702
-0.13312293831993605,15,1,0.408491849899292,50.0
None,15,2,0.4141724109649658,27.293884843526243
-0.4396740991281523,15,2,0.4307241439819336,42.91700346936971
-0.28651894803906897,15,2,0.40065813064575195,47.50927064519848
-0.24147438367467886,15,2,0.3579373359680176,49.37266794271614
-0.1308797248552472,15,2,0.41185522079467773,48.269045382666434
None,15,3,0.45059728622436523,26.381230493628884
-0.43872718911618575,15,3,0.4282844066619873,42.706628875898225
-0.24261626574275155,15,3,0.379305362701416,47.10624041080878
-0.24928005399580244,15,3,0.39049220085144043,46.85827459297611
-0.1294660153129388,15,3,0.4010450839996338,45.96777516554109
None,15,4,0.4171469211578369,28.069717381876664
-0.4238791574206593,15,4,0.48508143424987793,44.803708734247664
-0.38322017092770855,15,4,0.4060068130493164,44.80668816802472
-0.22278878342818884,15,4,0.4162731170654297,46.451055478631275
-0.16163323462928145,15,4,0.4027137756347656,48.57671099578333
None,15,5,0.4217567443847656,25.284807913676296
-0.47027263139972125,15,5,0.4568798542022705,38.680510287861544
-0.31886707365567424,15,5,0.4498133659362793,43.01832791393989
-0.20737129910652538,15,5,0.409592866897583,46.4581589958159
-0.1356338180203342,15,5,0.40601158142089844,48.559633027522935
None,15,6,0.50986647605896,27.62379558261831
-0.45272918534401996,15,6,0.4085409641265869,45.78838443018512
-0.3106818220777992,15,6,0.4293863773345947,48.14408223244449
-0.22817011652965036,15,6,0.3907296657562256,46.76346527741286
-0.11304812406035358,15,6,0.39769649505615234,50.0
None,15,7,0.4125173091888428,29.98123837568178
-0.3963735797977206,15,7,0.4012918472290039,44.86749729087504
-0.38640686591967927,15,7,0.4568178653717041,48.084335476295635
-0.28695322973176646,15,7,0.39385390281677246,45.360388882055325
-0.10404069029092444,15,7,0.42037439346313477,46.122789697996325
None,15,8,0.44563722610473633,24.222260303841082
-0.41383808554543544,15,8,0.4381065368652344,42.893156674870376
-0.3252370847608408,15,8,0.40390992164611816,43.70934710561309
-0.2428261335824216,15,8,0.4087221622467041,46.27212064982068
-0.1301999026929122,15,8,0.4170238971710205,48.777920410783054
None,15,9,0.4143235683441162,25.053323213775403
-0.4007878594831078,15,9,0.44759225845336914,43.800383877159305
-0.3116837719544138,15,9,0.42415356636047363,45.162750027109894
-0.21183476348230398,15,9,0.41397595405578613,48.0
-0.11821583127711735,15,9,0.37393689155578613,49.740412979351035
None,15,10,0.42988109588623047,25.124940790623455
-0.4288904854821608,15,10,0.43981337547302246,43.084721568462875
-0.3187032086184893,15,10,0.3742079734802246,48.20557491289199
-0.2353113698075846,15,10,0.41233396530151367,45.24598843761909
-0.14943124645109723,15,10,0.36000800132751465,50.0
None,16,1,0.45816969871520996,28.139162986525026
-0.46260031166688476,16,1,0.4673588275909424,39.23103155271058
-0.3187509699524234,16,1,0.41768717765808105,44.79742751020061
-0.2518345159376227,16,1,0.41728949546813965,46.79203968177702
-0.13312293831993605,16,1,0.439068078994751,50.0
None,16,2,0.44147205352783203,27.293884843526243
-0.4396740991281523,16,2,0.4088308811187744,42.91700346936971
-0.28651894803906897,16,2,0.4171578884124756,47.50927064519848
-0.24147438367467886,16,2,0.3802323341369629,49.37266794271614
-0.1308797248552472,16,2,0.376173734664917,48.269045382666434
None,16,3,0.4731619358062744,26.381230493628884
-0.43872718911618575,16,3,0.422976016998291,42.706628875898225
-0.24261626574275155,16,3,0.36297154426574707,47.10624041080878
-0.24928005399580244,16,3,0.43127965927124023,46.85827459297611
-0.1294660153129388,16,3,0.3975520133972168,45.96777516554109
None,16,4,0.4298386573791504,28.069717381876664
-0.4238791574206593,16,4,0.4452846050262451,44.803708734247664
-0.38322017092770855,16,4,0.4234769344329834,44.80668816802472
-0.22278878342818884,16,4,0.4110701084136963,46.451055478631275
-0.16163323462928145,16,4,0.41262054443359375,48.57671099578333
None,16,5,0.4709804058074951,25.284807913676296
-0.47027263139972125,16,5,0.4590003490447998,38.680510287861544
-0.31886707365567424,16,5,0.40282344818115234,43.01832791393989
-0.20737129910652538,16,5,0.40795183181762695,46.4581589958159
-0.1356338180203342,16,5,0.3845064640045166,48.559633027522935
None,16,6,0.44934892654418945,27.62379558261831
-0.45272918534401996,16,6,0.43790483474731445,45.78838443018512
-0.3106818220777992,16,6,0.4142794609069824,48.14408223244449
-0.22817011652965036,16,6,0.4241480827331543,46.76346527741286
-0.11304812406035358,16,6,0.37496113777160645,50.0
None,16,7,0.44728851318359375,29.98123837568178
-0.3963735797977206,16,7,0.3974146842956543,44.86749729087504
-0.38640686591967927,16,7,0.4140501022338867,48.084335476295635
-0.28695322973176646,16,7,0.39122486114501953,45.360388882055325
-0.10404069029092444,16,7,0.4352436065673828,46.122789697996325
None,16,8,0.42830848693847656,24.222260303841082
-0.41383808554543544,16,8,0.4306371212005615,42.893156674870376
-0.3252370847608408,16,8,0.4252943992614746,43.70934710561309
-0.2428261335824216,16,8,0.4496121406555176,46.27212064982068
-0.1301999026929122,16,8,0.39231395721435547,48.777920410783054
None,16,9,0.41412854194641113,25.053323213775403
-0.4007878594831078,16,9,0.44640183448791504,43.800383877159305
-0.3116837719544138,16,9,0.4004638195037842,45.16275002710989
-0.21183476348230398,16,9,0.41910552978515625,48.0
-0.11821583127711735,16,9,0.3520808219909668,49.74041297935103
None,16,10,0.4156942367553711,25.124940790623455
-0.4288904854821608,16,10,0.4849574565887451,43.084721568462875
-0.3187032086184893,16,10,0.4134790897369385,48.20557491289199
-0.2353113698075846,16,10,0.43698620796203613,45.24598843761909
-0.14943124645109723,16,10,0.34305524826049805,50.0
None,17,1,0.43201446533203125,28.139162986525026
-0.46260031166688476,17,1,0.44123291969299316,39.23103155271059
-0.3187509699524234,17,1,0.43615102767944336,44.79742751020061
-0.2518345159376227,17,1,0.41434764862060547,46.79203968177702
-0.13312293831993605,17,1,0.43062353134155273,50.0
None,17,2,0.44737744331359863,27.293884843526243
-0.4396740991281523,17,2,0.4648172855377197,42.91700346936971
-0.28651894803906897,17,2,0.4369494915008545,47.509270645198484
-0.24147438367467886,17,2,0.35825634002685547,49.37266794271614
-0.1308797248552472,17,2,0.3716604709625244,48.269045382666434
None,17,3,0.4475593566894531,26.381230493628884
-0.43872718911618575,17,3,0.46225500106811523,42.706628875898225
-0.24261626574275155,17,3,0.38254427909851074,47.10624041080878
-0.24928005399580244,17,3,0.4146571159362793,46.85827459297611
-0.1294660153129388,17,3,0.4019923210144043,45.96777516554109
None,17,4,0.42913341522216797,28.069717381876664
-0.4238791574206593,17,4,0.4541938304901123,44.803708734247664
-0.38322017092770855,17,4,0.4366903305053711,44.80668816802472
-0.22278878342818884,17,4,0.43065810203552246,46.451055478631275
-0.16163323462928145,17,4,0.37960267066955566,48.57671099578333
None,17,5,0.46385931968688965,25.284807913676296
-0.47027263139972125,17,5,0.48223423957824707,38.680510287861544
-0.31886707365567424,17,5,0.44892048835754395,43.01832791393989
-0.20737129910652538,17,5,0.4025230407714844,46.4581589958159
-0.1356338180203342,17,5,0.4012725353240967,48.559633027522935
None,17,6,0.41468310356140137,27.62379558261831
-0.45272918534401996,17,6,0.43247079849243164,45.78838443018512
-0.3106818220777992,17,6,0.4025876522064209,48.14408223244449
-0.22817011652965036,17,6,0.38347363471984863,46.76346527741286
-0.11304812406035358,17,6,0.3963468074798584,50.0
None,17,7,0.45059967041015625,29.98123837568178
-0.3963735797977206,17,7,0.41803979873657227,44.86749729087504
-0.38640686591967927,17,7,0.39959239959716797,48.084335476295635
-0.28695322973176646,17,7,0.43035006523132324,45.360388882055325
-0.10404069029092444,17,7,0.4161064624786377,46.122789697996325
None,17,8,0.41323089599609375,24.222260303841082
-0.41383808554543544,17,8,0.3999338150024414,42.893156674870376
-0.3252370847608408,17,8,0.4251565933227539,43.70934710561309
-0.2428261335824216,17,8,0.41171813011169434,46.27212064982068
-0.1301999026929122,17,8,0.41341686248779297,48.777920410783054
None,17,9,0.4370229244232178,25.053323213775403
-0.4007878594831078,17,9,0.48062849044799805,43.800383877159305
-0.3116837719544138,17,9,0.44063258171081543,45.16275002710989
-0.21183476348230398,17,9,0.42204904556274414,48.0
-0.11821583127711735,17,9,0.35803675651550293,49.74041297935103
None,17,10,0.4148082733154297,25.124940790623455
-0.4288904854821608,17,10,0.44789814949035645,43.084721568462875
-0.3187032086184893,17,10,0.3958775997161865,48.20557491289199
-0.2353113698075846,17,10,0.4119565486907959,45.24598843761909
-0.14943124645109723,17,10,0.3428349494934082,50.0
None,18,1,0.41048264503479004,28.139162986525026
-0.46260031166688476,18,1,0.4266190528869629,39.23103155271059
-0.3187509699524234,18,1,0.4236769676208496,44.79742751020061
-0.2518345159376227,18,1,0.4291837215423584,46.79203968177702
-0.13312293831993605,18,1,0.38842344284057617,50.0
None,18,2,0.4676682949066162,27.293884843526243
-0.4396740991281523,18,2,0.4248335361480713,42.91700346936971
-0.28651894803906897,18,2,0.37978315353393555,47.509270645198484
-0.24147438367467886,18,2,0.37709522247314453,49.37266794271614
-0.1308797248552472,18,2,0.37109804153442383,48.269045382666434
None,18,3,0.4832594394683838,26.381230493628884
-0.43872718911618575,18,3,0.4274604320526123,42.706628875898225
-0.24261626574275155,18,3,0.3851735591888428,47.10624041080878
-0.24928005399580244,18,3,0.41362500190734863,46.85827459297611
-0.1294660153129388,18,3,0.4054117202758789,45.96777516554109
None,18,4,0.45197629928588867,28.069717381876664
-0.4238791574206593,18,4,0.44095849990844727,44.803708734247664
-0.38322017092770855,18,4,0.42081642150878906,44.80668816802472
-0.22278878342818884,18,4,0.43082404136657715,46.451055478631275
-0.16163323462928145,18,4,0.37662720680236816,48.57671099578333
None,18,5,0.487293004989624,25.284807913676296
-0.47027263139972125,18,5,0.5057923793792725,38.680510287861544
-0.31886707365567424,18,5,0.4465813636779785,43.01832791393989
-0.20737129910652538,18,5,0.3988301753997803,46.4581589958159
-0.1356338180203342,18,5,0.4254932403564453,48.559633027522935
None,18,6,0.4117729663848877,27.62379558261831
-0.45272918534401996,18,6,0.38741636276245117,45.78838443018512
-0.3106818220777992,18,6,0.40004992485046387,48.14408223244449
-0.22817011652965036,18,6,0.40120720863342285,46.76346527741286
-0.11304812406035358,18,6,0.3917551040649414,50.0
None,18,7,0.4500107765197754,29.98123837568178
-0.3963735797977206,18,7,0.4159424304962158,44.86749729087504
-0.38640686591967927,18,7,0.40662169456481934,48.084335476295635
-0.28695322973176646,18,7,0.44824957847595215,45.360388882055325
-0.10404069029092444,18,7,0.3972020149230957,46.122789697996325
None,18,8,0.43556857109069824,24.222260303841082
-0.41383808554543544,18,8,0.4249558448791504,42.893156674870376
-0.3252370847608408,18,8,0.42696523666381836,43.70934710561309
-0.2428261335824216,18,8,0.4075584411621094,46.27212064982068
-0.1301999026929122,18,8,0.4113039970397949,48.777920410783054
None,18,9,0.44405341148376465,25.053323213775403
-0.4007878594831078,18,9,0.45842909812927246,43.800383877159305
-0.3116837719544138,18,9,0.3914797306060791,45.16275002710989
-0.21183476348230398,18,9,0.3905985355377197,48.0
-0.11821583127711735,18,9,0.35778284072875977,49.74041297935103
None,18,10,0.41632604598999023,25.124940790623455
-0.4288904854821608,18,10,0.41329097747802734,43.084721568462875
-0.3187032086184893,18,10,0.4111788272857666,48.20557491289199
-0.2353113698075846,18,10,0.41219496726989746,45.24598843761909
-0.14943124645109723,18,10,0.3836803436279297,50.0
None,19,1,0.4299581050872803,28.139162986525026
-0.46260031166688476,19,1,0.4496488571166992,39.23103155271058
-0.3187509699524234,19,1,0.4283406734466553,44.79742751020061
-0.2518345159376227,19,1,0.39505958557128906,46.79203968177702
-0.13312293831993605,19,1,0.39113402366638184,50.0
None,19,2,0.4301002025604248,27.293884843526243
-0.4396740991281523,19,2,0.4249873161315918,42.91700346936971
-0.28651894803906897,19,2,0.3965895175933838,47.509270645198484
-0.24147438367467886,19,2,0.3952596187591553,49.37266794271614
-0.1308797248552472,19,2,0.37087011337280273,48.269045382666434
None,19,3,0.45365357398986816,26.381230493628884
-0.43872718911618575,19,3,0.43935251235961914,42.706628875898225
-0.24261626574275155,19,3,0.3640727996826172,47.10624041080878
-0.24928005399580244,19,3,0.39119434356689453,46.85827459297611
-0.1294660153129388,19,3,0.3956730365753174,45.96777516554109
None,19,4,0.41309142112731934,28.069717381876664
-0.4238791574206593,19,4,0.4438929557800293,44.803708734247664
-0.38322017092770855,19,4,0.40624547004699707,44.80668816802472
-0.22278878342818884,19,4,0.41295528411865234,46.451055478631275
-0.16163323462928145,19,4,0.39418721199035645,48.57671099578333
None,19,5,0.45191454887390137,25.284807913676296
-0.47027263139972125,19,5,0.39989399909973145,38.680510287861544
-0.31886707365567424,19,5,0.4172976016998291,43.01832791393989
-0.20737129910652538,19,5,0.4035513401031494,46.4581589958159
-0.1356338180203342,19,5,0.4022080898284912,48.559633027522935
None,19,6,0.41211390495300293,27.62379558261831
-0.45272918534401996,19,6,0.41661930084228516,45.78838443018512
-0.3106818220777992,19,6,0.4068911075592041,48.14408223244449
-0.22817011652965036,19,6,0.4261751174926758,46.76346527741286
-0.11304812406035358,19,6,0.37595295906066895,50.0
None,19,7,0.45659732818603516,29.98123837568178
-0.3963735797977206,19,7,0.42942380905151367,44.86749729087504
-0.38640686591967927,19,7,0.3967134952545166,48.084335476295635
-0.28695322973176646,19,7,0.4095454216003418,45.360388882055325
-0.10404069029092444,19,7,0.4011270999908447,46.122789697996325
None,19,8,0.45130062103271484,24.222260303841082
-0.41383808554543544,19,8,0.44301462173461914,42.893156674870376
-0.3252370847608408,19,8,0.39888763427734375,43.70934710561309
-0.2428261335824216,19,8,0.3889455795288086,46.27212064982068
-0.1301999026929122,19,8,0.41221070289611816,48.777920410783054
None,19,9,0.42414188385009766,25.053323213775403
-0.4007878594831078,19,9,0.4276854991912842,43.800383877159305
-0.3116837719544138,19,9,0.39414334297180176,45.16275002710989
-0.21183476348230398,19,9,0.4115424156188965,48.0
-0.11821583127711735,19,9,0.3462228775024414,49.74041297935103
None,19,10,0.45346570014953613,25.124940790623455
-0.4288904854821608,19,10,0.4257500171661377,43.084721568462875
-0.3187032086184893,19,10,0.42935800552368164,48.20557491289199
-0.2353113698075846,19,10,0.41123390197753906,45.24598843761909
-0.14943124645109723,19,10,0.3625612258911133,50.0
None,20,1,0.4487953186035156,28.139162986525026
-0.46260031166688476,20,1,0.41266536712646484,39.23103155271058
-0.3187509699524234,20,1,0.4270963668823242,44.79742751020061
-0.2518345159376227,20,1,0.41075801849365234,46.79203968177702
-0.13312293831993605,20,1,0.3872947692871094,50.0
None,20,2,0.43819355964660645,27.293884843526243
-0.4396740991281523,20,2,0.449573278427124,42.91700346936971
-0.28651894803906897,20,2,0.43311405181884766,47.509270645198484
-0.24147438367467886,20,2,0.38785481452941895,49.37266794271614
-0.1308797248552472,20,2,0.3750650882720947,48.269045382666434
None,20,3,0.4471242427825928,26.381230493628884
-0.43872718911618575,20,3,0.44236254692077637,42.706628875898225
-0.24261626574275155,20,3,0.384152889251709,47.10624041080878
-0.24928005399580244,20,3,0.40953993797302246,46.85827459297611
-0.1294660153129388,20,3,0.4013028144836426,45.96777516554109
None,20,4,0.43160414695739746,28.069717381876664
-0.4238791574206593,20,4,0.43135833740234375,44.803708734247664
-0.38322017092770855,20,4,0.39951491355895996,44.80668816802471
-0.22278878342818884,20,4,0.4160728454589844,46.451055478631275
-0.16163323462928145,20,4,0.40497660636901855,48.57671099578333
None,20,5,0.4151489734649658,25.284807913676296
-0.47027263139972125,20,5,0.4209294319152832,38.680510287861544
-0.31886707365567424,20,5,0.4188807010650635,43.01832791393989
-0.20737129910652538,20,5,0.42418718338012695,46.4581589958159
-0.1356338180203342,20,5,0.3818957805633545,48.559633027522935
None,20,6,0.45268702507019043,27.62379558261831
-0.45272918534401996,20,6,0.4204416275024414,45.78838443018512
-0.3106818220777992,20,6,0.40538549423217773,48.14408223244449
-0.22817011652965036,20,6,0.3801391124725342,46.76346527741286
-0.11304812406035358,20,6,0.3708956241607666,50.0
None,20,7,0.45438289642333984,29.98123837568178
-0.3963735797977206,20,7,0.45546841621398926,44.86749729087504
-0.38640686591967927,20,7,0.43206095695495605,48.084335476295635
-0.28695322973176646,20,7,0.39218664169311523,45.360388882055325
-0.10404069029092444,20,7,0.39705848693847656,46.122789697996325
None,20,8,0.4262211322784424,24.222260303841082
-0.41383808554543544,20,8,0.45789146423339844,42.893156674870376
-0.3252370847608408,20,8,0.3986525535583496,43.70934710561309
-0.2428261335824216,20,8,0.40888190269470215,46.27212064982068
-0.1301999026929122,20,8,0.4249269962310791,48.777920410783054
None,20,9,0.44499945640563965,25.053323213775403
-0.4007878594831078,20,9,0.40652012825012207,43.800383877159305
-0.3116837719544138,20,9,0.4190826416015625,45.16275002710989
-0.21183476348230398,20,9,0.3773519992828369,48.0
-0.11821583127711735,20,9,0.37915515899658203,49.74041297935103
None,20,10,0.4340212345123291,25.124940790623455
-0.4288904854821608,20,10,0.43279552459716797,43.084721568462875
-0.3187032086184893,20,10,0.42803454399108887,48.20557491289199
-0.2353113698075846,20,10,0.42704319953918457,45.24598843761909
-0.14943124645109723,20,10,0.3467888832092285,50.0
None,21,1,0.42980360984802246,28.139162986525026
-0.46260031166688476,21,1,0.4701399803161621,39.23103155271058
-0.3187509699524234,21,1,0.4062056541442871,44.79742751020061
-0.2518345159376227,21,1,0.42989253997802734,46.79203968177702
-0.13312293831993605,21,1,0.3866453170776367,50.0
None,21,2,0.42548537254333496,27.293884843526243
-0.4396740991281523,21,2,0.44210100173950195,42.91700346936971
-0.28651894803906897,21,2,0.39501380920410156,47.509270645198484
-0.24147438367467886,21,2,0.3762245178222656,49.37266794271614
-0.1308797248552472,21,2,0.4068305492401123,48.269045382666434
None,21,3,0.4309220314025879,26.381230493628884
-0.43872718911618575,21,3,0.4543609619140625,42.706628875898225
-0.24261626574275155,21,3,0.36264896392822266,47.10624041080878
-0.24928005399580244,21,3,0.40241217613220215,46.85827459297611
-0.1294660153129388,21,3,0.3913264274597168,45.96777516554109
None,21,4,0.4677281379699707,28.069717381876664
-0.4238791574206593,21,4,0.42974185943603516,44.803708734247664
-0.38322017092770855,21,4,0.39736080169677734,44.80668816802471
-0.22278878342818884,21,4,0.5421569347381592,46.451055478631275
-0.16163323462928145,21,4,0.4247629642486572,48.57671099578333
None,21,5,0.426436185836792,25.284807913676296
-0.47027263139972125,21,5,0.414776086807251,38.680510287861544
-0.31886707365567424,21,5,0.41417598724365234,43.01832791393989
-0.20737129910652538,21,5,0.40077710151672363,46.4581589958159
-0.1356338180203342,21,5,0.4383878707885742,48.559633027522935
None,21,6,0.41066431999206543,27.62379558261831
-0.45272918534401996,21,6,0.4540982246398926,45.78838443018512
-0.3106818220777992,21,6,0.4166886806488037,48.14408223244449
-0.22817011652965036,21,6,0.3998594284057617,46.76346527741286
-0.11304812406035358,21,6,0.41150712966918945,50.0
None,21,7,0.4333219528198242,29.98123837568178
-0.3963735797977206,21,7,0.42339563369750977,44.86749729087504
-0.38640686591967927,21,7,0.3939042091369629,48.084335476295635
-0.28695322973176646,21,7,0.4240114688873291,45.360388882055325
-0.10404069029092444,21,7,0.41713404655456543,46.122789697996325
None,21,8,0.4520866870880127,24.222260303841082
-0.41383808554543544,21,8,0.43453454971313477,42.893156674870376
-0.3252370847608408,21,8,0.44211721420288086,43.70934710561309
-0.2428261335824216,21,8,0.4279177188873291,46.27212064982068
-0.1301999026929122,21,8,0.41756653785705566,48.777920410783054
None,21,9,0.44981861114501953,25.053323213775403
-0.4007878594831078,21,9,0.416109561920166,43.800383877159305
-0.3116837719544138,21,9,0.44306230545043945,45.16275002710989
-0.21183476348230398,21,9,0.3941307067871094,48.0
-0.11821583127711735,21,9,0.3528764247894287,49.74041297935103
None,21,10,0.45571231842041016,25.124940790623455
-0.4288904854821608,21,10,0.40739989280700684,43.084721568462875
-0.3187032086184893,21,10,0.39374423027038574,48.20557491289199
-0.2353113698075846,21,10,0.4275786876678467,45.24598843761909
-0.14943124645109723,21,10,0.39881443977355957,50.0
None,22,1,0.4319264888763428,28.139162986525026
-0.46260031166688476,22,1,0.4505932331085205,39.23103155271059
-0.3187509699524234,22,1,0.42794084548950195,44.79742751020061
-0.2518345159376227,22,1,0.41206932067871094,46.79203968177702
-0.13312293831993605,22,1,0.45978808403015137,50.0
None,22,2,0.4317009449005127,27.293884843526243
-0.4396740991281523,22,2,0.40876054763793945,42.91700346936971
-0.28651894803906897,22,2,0.3798179626464844,47.509270645198484
-0.24147438367467886,22,2,0.358229398727417,49.37266794271614
-0.1308797248552472,22,2,0.38774895668029785,48.269045382666434
None,22,3,0.4269835948944092,26.381230493628884
-0.43872718911618575,22,3,0.3962829113006592,42.706628875898225
-0.24261626574275155,22,3,0.38192009925842285,47.10624041080878
-0.24928005399580244,22,3,0.4234802722930908,46.85827459297611
-0.1294660153129388,22,3,0.37561774253845215,45.96777516554109
None,22,4,0.4341163635253906,28.069717381876664
-0.4238791574206593,22,4,0.43248939514160156,44.803708734247664
-0.38322017092770855,22,4,0.4076211452484131,44.80668816802471
-0.22278878342818884,22,4,0.41608548164367676,46.451055478631275
-0.16163323462928145,22,4,0.3835303783416748,48.57671099578333
None,22,5,0.4107363224029541,25.284807913676296
-0.47027263139972125,22,5,0.4365851879119873,38.680510287861544
-0.31886707365567424,22,5,0.43662405014038086,43.01832791393989
-0.20737129910652538,22,5,0.38123011589050293,46.4581589958159
-0.1356338180203342,22,5,0.4009847640991211,48.559633027522935
None,22,6,0.4102034568786621,27.62379558261831
-0.45272918534401996,22,6,0.4571342468261719,45.78838443018512
-0.3106818220777992,22,6,0.4113786220550537,48.14408223244449
-0.22817011652965036,22,6,0.4035782814025879,46.76346527741286
-0.11304812406035358,22,6,0.38929224014282227,50.0
None,22,7,0.4118039608001709,29.98123837568178
-0.3963735797977206,22,7,0.4447000026702881,44.86749729087504
-0.38640686591967927,22,7,0.39566826820373535,48.084335476295635
-0.28695322973176646,22,7,0.433246374130249,45.360388882055325
-0.10404069029092444,22,7,0.4230763912200928,46.122789697996325
None,22,8,0.4127511978149414,24.222260303841082
-0.41383808554543544,22,8,0.44364380836486816,42.893156674870376
-0.3252370847608408,22,8,0.40146875381469727,43.70934710561309
-0.2428261335824216,22,8,0.4132709503173828,46.27212064982068
-0.1301999026929122,22,8,0.4181063175201416,48.777920410783054
None,22,9,0.4055213928222656,25.053323213775403
-0.4007878594831078,22,9,0.44504213333129883,43.800383877159305
-0.3116837719544138,22,9,0.39669299125671387,45.16275002710989
-0.21183476348230398,22,9,0.39479923248291016,48.0
-0.11821583127711735,22,9,0.34906625747680664,49.74041297935103
None,22,10,0.49158787727355957,25.124940790623455
-0.4288904854821608,22,10,0.40741658210754395,43.084721568462875
-0.3187032086184893,22,10,0.38581037521362305,48.20557491289199
-0.2353113698075846,22,10,0.4285240173339844,45.24598843761909
-0.14943124645109723,22,10,0.36336612701416016,50.0
None,23,1,0.4111790657043457,28.139162986525026
-0.46260031166688476,23,1,0.4209134578704834,39.23103155271059
-0.3187509699524234,23,1,0.4266691207885742,44.79742751020061
-0.2518345159376227,23,1,0.40970540046691895,46.79203968177702
-0.13312293831993605,23,1,0.4089179039001465,50.0
None,23,2,0.4250829219818115,27.293884843526243
-0.4396740991281523,23,2,0.42125582695007324,42.91700346936971
-0.28651894803906897,23,2,0.413602352142334,47.509270645198484
-0.24147438367467886,23,2,0.3529052734375,49.37266794271614
-0.1308797248552472,23,2,0.3920137882232666,48.269045382666434
None,23,3,0.4263153076171875,26.381230493628884
-0.43872718911618575,23,3,0.39823031425476074,42.706628875898225
-0.24261626574275155,23,3,0.3670535087585449,47.10624041080878
-0.24928005399580244,23,3,0.4056873321533203,46.85827459297611
-0.1294660153129388,23,3,0.3758370876312256,45.96777516554109
None,23,4,0.40973448753356934,28.06971738187666
-0.4238791574206593,23,4,0.4450399875640869,44.803708734247664
-0.38322017092770855,23,4,0.40332841873168945,44.80668816802472
-0.22278878342818884,23,4,0.39090561866760254,46.451055478631275
-0.16163323462928145,23,4,0.4218475818634033,48.57671099578333
None,23,5,0.4121863842010498,25.284807913676296
-0.47027263139972125,23,5,0.40690040588378906,38.680510287861544
-0.31886707365567424,23,5,0.4011068344116211,43.01832791393989
-0.20737129910652538,23,5,0.40140700340270996,46.4581589958159
-0.1356338180203342,23,5,0.38309216499328613,48.559633027522935
None,23,6,0.41078615188598633,27.623795582618307
-0.45272918534401996,23,6,0.3964498043060303,45.78838443018512
-0.3106818220777992,23,6,0.4186732769012451,48.14408223244449
-0.22817011652965036,23,6,0.3823964595794678,46.76346527741286
-0.11304812406035358,23,6,0.3768603801727295,50.0
None,23,7,0.4372587203979492,29.98123837568178
-0.3963735797977206,23,7,0.446605920791626,44.86749729087504
-0.38640686591967927,23,7,0.4170217514038086,48.084335476295635
-0.28695322973176646,23,7,0.4166300296783447,45.360388882055325
-0.10404069029092444,23,7,0.42502260208129883,46.122789697996325
None,23,8,0.4298882484436035,24.222260303841082
-0.41383808554543544,23,8,0.41948413848876953,42.893156674870376
-0.3252370847608408,23,8,0.39839720726013184,43.70934710561309
-0.2428261335824216,23,8,0.4101083278656006,46.27212064982068
-0.1301999026929122,23,8,0.39257073402404785,48.777920410783054
None,23,9,0.4526035785675049,25.053323213775393
-0.4007878594831078,23,9,0.4397566318511963,43.800383877159305
-0.3116837719544138,23,9,0.4106714725494385,45.16275002710989
-0.21183476348230398,23,9,0.3924260139465332,48.0
-0.11821583127711735,23,9,0.37110114097595215,49.74041297935103
None,23,10,0.42613816261291504,25.124940790623455
-0.4288904854821608,23,10,0.45145225524902344,43.084721568462875
-0.3187032086184893,23,10,0.36981844902038574,48.20557491289199
-0.2353113698075846,23,10,0.40859293937683105,45.24598843761909
-0.14943124645109723,23,10,0.34158849716186523,50.0
None,24,1,0.44730091094970703,28.139162986525026
-0.46260031166688476,24,1,0.43378567695617676,39.23103155271059
-0.3187509699524234,24,1,0.4488029479980469,44.79742751020061
-0.2518345159376227,24,1,0.40652918815612793,46.79203968177702
-0.13312293831993605,24,1,0.42664480209350586,50.0
None,24,2,0.4267086982727051,27.29388484352625
-0.4396740991281523,24,2,0.43923258781433105,42.91700346936971
-0.28651894803906897,24,2,0.3772125244140625,47.509270645198484
-0.24147438367467886,24,2,0.3537101745605469,49.37266794271614
-0.1308797248552472,24,2,0.36979126930236816,48.269045382666434
None,24,3,0.4096052646636963,26.381230493628884
-0.43872718911618575,24,3,0.4424283504486084,42.706628875898225
-0.24261626574275155,24,3,0.36141276359558105,47.10624041080878
-0.24928005399580244,24,3,0.42601847648620605,46.85827459297611
-0.1294660153129388,24,3,0.37792348861694336,45.96777516554109
None,24,4,0.4106137752532959,28.06971738187666
-0.4238791574206593,24,4,0.5637397766113281,44.803708734247664
-0.38322017092770855,24,4,0.41490960121154785,44.80668816802472
-0.22278878342818884,24,4,0.4295659065246582,46.451055478631275
-0.16163323462928145,24,4,0.3872566223144531,48.57671099578333
None,24,5,0.44736742973327637,25.284807913676296
-0.47027263139972125,24,5,0.4557921886444092,38.680510287861544
-0.31886707365567424,24,5,0.39813995361328125,43.01832791393989
-0.20737129910652538,24,5,0.40206265449523926,46.4581589958159
-0.1356338180203342,24,5,0.38719868659973145,48.559633027522935
None,24,6,0.4458479881286621,27.623795582618307
-0.45272918534401996,24,6,0.3981637954711914,45.78838443018512
-0.3106818220777992,24,6,0.39826464653015137,48.14408223244449
-0.22817011652965036,24,6,0.3766512870788574,46.76346527741286
-0.11304812406035358,24,6,0.3719329833984375,50.0
None,24,7,0.4253706932067871,29.98123837568178
-0.3963735797977206,24,7,0.40912508964538574,44.86749729087504
-0.38640686591967927,24,7,0.39249587059020996,48.084335476295635
-0.28695322973176646,24,7,0.4034759998321533,45.360388882055325
-0.10404069029092444,24,7,0.4186406135559082,46.122789697996325
None,24,8,0.4082174301147461,24.222260303841082
-0.41383808554543544,24,8,0.4033341407775879,42.893156674870376
-0.3252370847608408,24,8,0.4188690185546875,43.70934710561309
-0.2428261335824216,24,8,0.4055821895599365,46.27212064982068
-0.1301999026929122,24,8,0.4174647331237793,48.777920410783054
None,24,9,0.40285825729370117,25.053323213775393
-0.4007878594831078,24,9,0.398892879486084,43.800383877159305
-0.3116837719544138,24,9,0.4313478469848633,45.16275002710989
-0.21183476348230398,24,9,0.3734593391418457,48.0
-0.11821583127711735,24,9,0.3688817024230957,49.74041297935103
None,24,10,0.4675743579864502,25.12494079062345
-0.4288904854821608,24,10,0.430971622467041,43.084721568462875
-0.3187032086184893,24,10,0.38301658630371094,48.20557491289199
-0.2353113698075846,24,10,0.42620396614074707,45.24598843761909
-0.14943124645109723,24,10,0.3379855155944824,50.0
None,25,1,0.4469940662384033,28.139162986525026
-0.46260031166688476,25,1,0.43296241760253906,39.23103155271059
-0.3187509699524234,25,1,0.42612123489379883,44.79742751020061
-0.2518345159376227,25,1,0.4105861186981201,46.79203968177702
-0.13312293831993605,25,1,0.40508460998535156,50.0
None,25,2,0.4072887897491455,27.29388484352625
-0.4396740991281523,25,2,0.4432966709136963,42.91700346936971
-0.28651894803906897,25,2,0.37451791763305664,47.509270645198484
-0.24147438367467886,25,2,0.41153645515441895,49.37266794271614
-0.1308797248552472,25,2,0.38947534561157227,48.269045382666434
None,25,3,0.4136805534362793,26.381230493628884
-0.43872718911618575,25,3,0.43862485885620117,42.706628875898225
-0.24261626574275155,25,3,0.37819337844848633,47.10624041080878
-0.24928005399580244,25,3,0.40112781524658203,46.85827459297611
-0.1294660153129388,25,3,0.3747069835662842,45.96777516554109
None,25,4,0.4357016086578369,28.06971738187666
-0.4238791574206593,25,4,0.43297362327575684,44.803708734247664
-0.38322017092770855,25,4,0.4026317596435547,44.80668816802472
-0.22278878342818884,25,4,0.3892545700073242,46.451055478631275
-0.16163323462928145,25,4,0.3975203037261963,48.57671099578333
None,25,5,0.4114115238189697,25.28480791367629
-0.47027263139972125,25,5,0.43996596336364746,38.680510287861544
-0.31886707365567424,25,5,0.4205341339111328,43.01832791393989
-0.20737129910652538,25,5,0.38240861892700195,46.4581589958159
-0.1356338180203342,25,5,0.399061918258667,48.559633027522935
None,25,6,0.45769238471984863,27.623795582618307
-0.45272918534401996,25,6,0.40163397789001465,45.78838443018512
-0.3106818220777992,25,6,0.4378695487976074,48.14408223244449
-0.22817011652965036,25,6,0.37749600410461426,46.76346527741286
-0.11304812406035358,25,6,0.3737921714782715,50.0
None,25,7,0.4282345771789551,29.98123837568178
-0.3963735797977206,25,7,0.3903961181640625,44.86749729087504
-0.38640686591967927,25,7,0.41580867767333984,48.084335476295635
-0.28695322973176646,25,7,0.4063539505004883,45.360388882055325
-0.10404069029092444,25,7,0.401810884475708,46.122789697996325
None,25,8,0.40302252769470215,24.222260303841082
-0.41383808554543544,25,8,0.43322229385375977,42.893156674870376
-0.3252370847608408,25,8,0.3957509994506836,43.70934710561309
-0.2428261335824216,25,8,0.4072294235229492,46.27212064982068
-0.1301999026929122,25,8,0.3882462978363037,48.777920410783054
None,25,9,0.4156007766723633,25.053323213775393
-0.4007878594831078,25,9,0.4391021728515625,43.800383877159305
-0.3116837719544138,25,9,0.41737985610961914,45.16275002710989
-0.21183476348230398,25,9,0.41935181617736816,48.0
-0.11821583127711735,25,9,0.3545079231262207,49.74041297935103
None,25,10,0.4308779239654541,25.12494079062345
-0.4288904854821608,25,10,0.45566225051879883,43.084721568462875
-0.3187032086184893,25,10,0.3911452293395996,48.20557491289199
-0.2353113698075846,25,10,0.39396238327026367,45.24598843761909
-0.14943124645109723,25,10,0.36440443992614746,50.0
None,26,1,0.4023890495300293,28.139162986525026
-0.46260031166688476,26,1,0.4194202423095703,39.23103155271059
-0.3187509699524234,26,1,0.4007387161254883,44.79742751020061
-0.2518345159376227,26,1,0.3857417106628418,46.79203968177702
-0.13312293831993605,26,1,0.3823425769805908,50.0
None,26,2,0.44841647148132324,27.29388484352625
-0.4396740991281523,26,2,0.402968168258667,42.91700346936971
-0.28651894803906897,26,2,0.4027731418609619,47.509270645198484
-0.24147438367467886,26,2,0.35542941093444824,49.37266794271614
-0.1308797248552472,26,2,0.38871312141418457,48.269045382666434
None,26,3,0.4024515151977539,26.381230493628884
-0.43872718911618575,26,3,0.445953369140625,42.706628875898225
-0.24261626574275155,26,3,0.382704496383667,47.10624041080878
-0.24928005399580244,26,3,0.3861429691314697,46.85827459297611
-0.1294660153129388,26,3,0.39345312118530273,45.96777516554109
None,26,4,0.40900611877441406,28.06971738187666
-0.4238791574206593,26,4,0.4270346164703369,44.803708734247664
-0.38322017092770855,26,4,0.3981599807739258,44.80668816802472
-0.22278878342818884,26,4,0.3898794651031494,46.451055478631275
-0.16163323462928145,26,4,0.3790452480316162,48.57671099578333
None,26,5,0.41448259353637695,25.284807913676296
-0.47027263139972125,26,5,0.4529228210449219,38.680510287861544
-0.31886707365567424,26,5,0.41725683212280273,43.018327913939885
-0.20737129910652538,26,5,0.4234466552734375,46.4581589958159
-0.1356338180203342,26,5,0.38271021842956543,48.559633027522935
None,26,6,0.4261312484741211,27.623795582618307
-0.45272918534401996,26,6,0.3995547294616699,45.78838443018512
-0.3106818220777992,26,6,0.441145658493042,48.14408223244449
-0.22817011652965036,26,6,0.3974149227142334,46.76346527741286
-0.11304812406035358,26,6,0.3741123676300049,50.0
None,26,7,0.42682862281799316,29.981238375681777
-0.3963735797977206,26,7,0.42827749252319336,44.86749729087504
-0.38640686591967927,26,7,0.3920865058898926,48.084335476295635
-0.28695322973176646,26,7,0.406674861907959,45.360388882055325
-0.10404069029092444,26,7,0.39659667015075684,46.12278969799632
None,26,8,0.4443333148956299,24.222260303841082
-0.41383808554543544,26,8,0.44527173042297363,42.893156674870376
-0.3252370847608408,26,8,0.45508384704589844,43.70934710561309
-0.2428261335824216,26,8,0.4086177349090576,46.27212064982068
-0.1301999026929122,26,8,0.41286754608154297,48.777920410783054
None,26,9,0.40813231468200684,25.053323213775393
-0.4007878594831078,26,9,0.4107344150543213,43.800383877159305
-0.3116837719544138,26,9,0.4349403381347656,45.16275002710989
-0.21183476348230398,26,9,0.39077329635620117,48.0
-0.11821583127711735,26,9,0.3491694927215576,49.74041297935103
None,26,10,0.44646477699279785,25.12494079062345
-0.4288904854821608,26,10,0.4243154525756836,43.084721568462875
-0.3187032086184893,26,10,0.37189197540283203,48.20557491289199
-0.2353113698075846,26,10,0.406970739364624,45.24598843761909
-0.14943124645109723,26,10,0.34052228927612305,50.0
None,27,1,0.4076261520385742,28.139162986525026
-0.46260031166688476,27,1,0.42494916915893555,39.23103155271059
-0.3187509699524234,27,1,0.4277517795562744,44.79742751020061
-0.2518345159376227,27,1,0.4086415767669678,46.79203968177702
-0.13312293831993605,27,1,0.40619540214538574,50.0
None,27,2,0.44096994400024414,27.29388484352625
-0.4396740991281523,27,2,0.4153573513031006,42.91700346936971
-0.28651894803906897,27,2,0.3778727054595947,47.509270645198484
-0.24147438367467886,27,2,0.37506890296936035,49.37266794271614
-0.1308797248552472,27,2,0.3677685260772705,48.269045382666434
None,27,3,0.4638051986694336,26.381230493628888
-0.43872718911618575,27,3,0.4794788360595703,42.706628875898225
-0.24261626574275155,27,3,0.40047478675842285,47.10624041080878
-0.24928005399580244,27,3,0.4122891426086426,46.85827459297611
-0.1294660153129388,27,3,0.39926600456237793,45.96777516554109
None,27,4,0.40863609313964844,28.06971738187666
-0.4238791574206593,27,4,0.44663166999816895,44.803708734247664
-0.38322017092770855,27,4,0.46642160415649414,44.80668816802471
-0.22278878342818884,27,4,0.40911006927490234,46.451055478631275
-0.16163323462928145,27,4,0.3936450481414795,48.57671099578333
None,27,5,0.4128415584564209,25.284807913676296
-0.47027263139972125,27,5,0.4048497676849365,38.680510287861544
-0.31886707365567424,27,5,0.39623165130615234,43.01832791393989
-0.20737129910652538,27,5,0.4046003818511963,46.4581589958159
-0.1356338180203342,27,5,0.38505005836486816,48.559633027522935
None,27,6,0.4082825183868408,27.623795582618307
-0.45272918534401996,27,6,0.41553258895874023,45.78838443018512
-0.3106818220777992,27,6,0.4180333614349365,48.14408223244449
-0.22817011652965036,27,6,0.37687182426452637,46.76346527741286
-0.11304812406035358,27,6,0.3706626892089844,50.0
None,27,7,0.4633758068084717,29.981238375681777
-0.3963735797977206,27,7,0.4116530418395996,44.86749729087504
-0.38640686591967927,27,7,0.41275835037231445,48.084335476295635
-0.28695322973176646,27,7,0.3842034339904785,45.360388882055325
-0.10404069029092444,27,7,0.37704944610595703,46.12278969799632
None,27,8,0.45156168937683105,24.222260303841082
-0.41383808554543544,27,8,0.4112741947174072,42.893156674870376
-0.3252370847608408,27,8,0.3993382453918457,43.70934710561309
-0.2428261335824216,27,8,0.386995792388916,46.27212064982068
-0.1301999026929122,27,8,0.388897180557251,48.777920410783054
None,27,9,0.42975449562072754,25.053323213775393
-0.4007878594831078,27,9,0.41391491889953613,43.800383877159305
-0.3116837719544138,27,9,0.4171624183654785,45.16275002710989
-0.21183476348230398,27,9,0.4404933452606201,48.0
-0.11821583127711735,27,9,0.36341047286987305,49.74041297935103
None,27,10,0.42174243927001953,25.12494079062345
-0.4288904854821608,27,10,0.4743492603302002,43.084721568462875
-0.3187032086184893,27,10,0.39031362533569336,48.20557491289199
-0.2353113698075846,27,10,0.44090700149536133,45.24598843761909
-0.14943124645109723,27,10,0.3562965393066406,50.0
None,28,1,0.4246823787689209,28.139162986525033
-0.46260031166688476,28,1,0.4498312473297119,39.23103155271059
-0.3187509699524234,28,1,0.39899253845214844,44.79742751020061
-0.2518345159376227,28,1,0.4272427558898926,46.79203968177702
-0.13312293831993605,28,1,0.38599634170532227,50.0
None,28,2,0.40657567977905273,27.29388484352625
-0.4396740991281523,28,2,0.42874693870544434,42.91700346936971
-0.28651894803906897,28,2,0.39856743812561035,47.509270645198484
-0.24147438367467886,28,2,0.378345251083374,49.37266794271614
-0.1308797248552472,28,2,0.3925344944000244,48.269045382666434
None,28,3,0.42127442359924316,26.381230493628888
-0.43872718911618575,28,3,0.4625742435455322,42.706628875898225
-0.24261626574275155,28,3,0.36064648628234863,47.10624041080878
-0.24928005399580244,28,3,0.40689778327941895,46.85827459297611
-0.1294660153129388,28,3,0.3761739730834961,45.96777516554109
None,28,4,0.4662137031555176,28.06971738187666
-0.4238791574206593,28,4,0.47770047187805176,44.803708734247664
-0.38322017092770855,28,4,0.418440580368042,44.80668816802471
-0.22278878342818884,28,4,0.40300559997558594,46.451055478631275
-0.16163323462928145,28,4,0.38752293586730957,48.57671099578333
None,28,5,0.4458620548248291,25.284807913676296
-0.47027263139972125,28,5,0.4337430000305176,38.680510287861544
-0.31886707365567424,28,5,0.3982365131378174,43.018327913939885
-0.20737129910652538,28,5,0.40002989768981934,46.4581589958159
-0.1356338180203342,28,5,0.3977165222167969,48.559633027522935
None,28,6,0.4471890926361084,27.623795582618307
-0.45272918534401996,28,6,0.4115874767303467,45.78838443018512
-0.3106818220777992,28,6,0.43514370918273926,48.14408223244449
-0.22817011652965036,28,6,0.37859654426574707,46.76346527741286
-0.11304812406035358,28,6,0.39343905448913574,50.0
None,28,7,0.4463326930999756,29.981238375681777
-0.3963735797977206,28,7,0.4673953056335449,44.86749729087504
-0.38640686591967927,28,7,0.41243815422058105,48.084335476295635
-0.28695322973176646,28,7,0.40346455574035645,45.360388882055325
-0.10404069029092444,28,7,0.37888407707214355,46.12278969799632
None,28,8,0.47132349014282227,24.222260303841082
-0.41383808554543544,28,8,0.4321591854095459,42.893156674870376
-0.3252370847608408,28,8,0.4185795783996582,43.70934710561309
-0.2428261335824216,28,8,0.38863587379455566,46.27212064982068
-0.1301999026929122,28,8,0.3929264545440674,48.777920410783054
None,28,9,0.4500892162322998,25.053323213775393
-0.4007878594831078,28,9,0.4491539001464844,43.800383877159305
-0.3116837719544138,28,9,0.39336466789245605,45.16275002710989
-0.21183476348230398,28,9,0.39343786239624023,48.0
-0.11821583127711735,28,9,0.3883347511291504,49.74041297935103
None,28,10,0.42560505867004395,25.12494079062345
-0.4288904854821608,28,10,0.4599893093109131,43.084721568462875
-0.3187032086184893,28,10,0.37252068519592285,48.20557491289199
-0.2353113698075846,28,10,0.4091145992279053,45.24598843761909
-0.14943124645109723,28,10,0.3619704246520996,50.0
None,29,1,0.4052755832672119,28.139162986525033
-0.46260031166688476,29,1,0.483426570892334,39.23103155271059
-0.3187509699524234,29,1,0.425046443939209,44.79742751020061
-0.2518345159376227,29,1,0.41869139671325684,46.79203968177702
-0.13312293831993605,29,1,0.3892636299133301,50.0
None,29,2,0.42946958541870117,27.29388484352625
-0.4396740991281523,29,2,0.42026448249816895,42.91700346936972
-0.28651894803906897,29,2,0.4175431728363037,47.509270645198484
-0.24147438367467886,29,2,0.3566436767578125,49.37266794271614
-0.1308797248552472,29,2,0.37381815910339355,48.269045382666434
None,29,3,0.40091657638549805,26.381230493628888
-0.43872718911618575,29,3,0.4131319522857666,42.706628875898225
-0.24261626574275155,29,3,0.37633395195007324,47.10624041080878
-0.24928005399580244,29,3,0.4019937515258789,46.85827459297611
-0.1294660153129388,29,3,0.39512062072753906,45.96777516554109
None,29,4,0.40897297859191895,28.06971738187666
-0.4238791574206593,29,4,0.44478702545166016,44.803708734247664
-0.38322017092770855,29,4,0.41775083541870117,44.80668816802471
-0.22278878342818884,29,4,0.39108991622924805,46.451055478631275
-0.16163323462928145,29,4,0.39768171310424805,48.57671099578333
None,29,5,0.4293339252471924,25.284807913676296
-0.47027263139972125,29,5,0.4279673099517822,38.680510287861544
-0.31886707365567424,29,5,0.41212034225463867,43.018327913939885
-0.20737129910652538,29,5,0.43778300285339355,46.4581589958159
-0.1356338180203342,29,5,0.37744140625,48.559633027522935
None,29,6,0.4320235252380371,27.623795582618307
-0.45272918534401996,29,6,0.4282104969024658,45.78838443018512
-0.3106818220777992,29,6,0.4446868896484375,48.14408223244449
-0.22817011652965036,29,6,0.39721012115478516,46.76346527741286
-0.11304812406035358,29,6,0.37447667121887207,50.0
None,29,7,0.42517685890197754,29.981238375681777
-0.3963735797977206,29,7,0.46854186058044434,44.86749729087504
-0.38640686591967927,29,7,0.41240978240966797,48.084335476295635
-0.28695322973176646,29,7,0.4083552360534668,45.360388882055325
-0.10404069029092444,29,7,0.41728854179382324,46.12278969799632
None,29,8,0.45490241050720215,24.222260303841082
-0.41383808554543544,29,8,0.43419361114501953,42.893156674870376
-0.3252370847608408,29,8,0.39968228340148926,43.70934710561309
-0.2428261335824216,29,8,0.40567588806152344,46.27212064982068
-0.1301999026929122,29,8,0.3951070308685303,48.777920410783054
None,29,9,0.4243299961090088,25.053323213775393
-0.4007878594831078,29,9,0.4214949607849121,43.800383877159305
-0.3116837719544138,29,9,0.42717623710632324,45.16275002710989
-0.21183476348230398,29,9,0.4103543758392334,48.0
-0.11821583127711735,29,9,0.37084388732910156,49.74041297935103
None,29,10,0.4207887649536133,25.12494079062345
-0.4288904854821608,29,10,0.43590450286865234,43.084721568462875
-0.3187032086184893,29,10,0.3660578727722168,48.20557491289199
-0.2353113698075846,29,10,0.3832743167877197,45.24598843761909
-0.14943124645109723,29,10,0.3569602966308594,50.0
None,30,1,0.4360783100128174,28.139162986525033
-0.46260031166688476,30,1,0.41535186767578125,39.23103155271058
-0.3187509699524234,30,1,0.38335323333740234,44.797427510200606
-0.2518345159376227,30,1,0.3683037757873535,46.79203968177703
-0.13312293831993605,30,1,0.407930850982666,50.0
None,30,2,0.41053247451782227,27.29388484352625
-0.4396740991281523,30,2,0.40308547019958496,42.9170034693697
-0.28651894803906897,30,2,0.40281033515930176,47.509270645198484
-0.24147438367467886,30,2,0.3539257049560547,49.37266794271614
-0.1308797248552472,30,2,0.3922920227050781,48.269045382666434
None,30,3,0.39087533950805664,26.381230493628884
-0.43872718911618575,30,3,0.45520615577697754,42.706628875898225
-0.24261626574275155,30,3,0.3747992515563965,47.10624041080877
-0.24928005399580244,30,3,0.39087891578674316,46.85827459297611
-0.1294660153129388,30,3,0.3576695919036865,45.967775165541084
None,30,4,0.4299464225769043,28.069717381876664
-0.4238791574206593,30,4,0.41192197799682617,44.80370873424767
-0.38322017092770855,30,4,0.4186985492706299,44.80668816802472
-0.22278878342818884,30,4,0.37339138984680176,46.451055478631275
-0.16163323462928145,30,4,0.3768892288208008,48.57671099578332
None,30,5,0.3889179229736328,25.2848079136763
-0.47027263139972125,30,5,0.37883543968200684,38.68051028786155
-0.31886707365567424,30,5,0.4521055221557617,43.018327913939885
-0.20737129910652538,30,5,0.37013888359069824,46.4581589958159
-0.1356338180203342,30,5,0.3731369972229004,48.559633027522935
None,30,6,0.41747498512268066,27.623795582618307
-0.45272918534401996,30,6,0.41057586669921875,45.78838443018512
-0.3106818220777992,30,6,0.3826019763946533,48.14408223244449
-0.22817011652965036,30,6,0.36733222007751465,46.76346527741286
-0.11304812406035358,30,6,0.35810327529907227,50.0
None,30,7,0.4312431812286377,29.98123837568177
-0.3963735797977206,30,7,0.39455676078796387,44.86749729087504
-0.38640686591967927,30,7,0.3969898223876953,48.08433547629563
-0.28695322973176646,30,7,0.3914458751678467,45.360388882055325
-0.10404069029092444,30,7,0.3974423408508301,46.12278969799632
None,30,8,0.4104292392730713,24.22226030384109
-0.41383808554543544,30,8,0.43032169342041016,42.893156674870376
-0.3252370847608408,30,8,0.3818483352661133,43.70934710561309
-0.2428261335824216,30,8,0.37330079078674316,46.27212064982068
-0.1301999026929122,30,8,0.38608217239379883,48.777920410783054
None,30,9,0.4113922119140625,25.053323213775396
-0.4007878594831078,30,9,0.37551069259643555,43.800383877159305
-0.3116837719544138,30,9,0.3921489715576172,45.16275002710989
-0.21183476348230398,30,9,0.374561071395874,48.0
-0.11821583127711735,30,9,0.3937039375305176,49.74041297935103
None,30,10,0.3960421085357666,25.124940790623448
-0.4288904854821608,30,10,0.5622463226318359,43.08472156846287
-0.3187032086184893,30,10,0.401625394821167,48.20557491289199
-0.2353113698075846,30,10,0.402249813079834,45.24598843761909
-0.14943124645109723,30,10,0.3505725860595703,50.0
