job_id,depth,seed,k,scenario,obj_val,time
15075843,5.0,8.0,3.0,0.0,3.9999999999999996,8.84
15077284,6.0,9.0,1.0,5.0,8.99999527611452,4.97
15076482,7.0,17.0,4.0,0.0,3.8620689655172415,263.45
15076760,8.0,25.0,3.0,0.0,3.111111111111111,1372.97
15077642,7.0,6.0,3.0,5.0,4.0,571.72
15076454,7.0,19.0,3.0,0.0,4.0,27.78
15075951,5.0,26.0,6.0,0.0,3.999995828624587,87.68
15075845,5.0,10.0,3.0,0.0,4.000000000000002,12.97
15077669,7.0,3.0,4.0,5.0,3.968503937007874,15140.54
15076739,8.0,4.0,3.0,0.0,4.0,243.67
15077678,7.0,12.0,4.0,5.0,4.199991242862696,15803.62
15076978,5.0,3.0,1.0,5.0,6.999999999999998,9.44
15077667,7.0,1.0,4.0,5.0,3.9999861011655233,19237.38
15075977,5.0,22.0,7.0,0.0,3.8181818181818183,17844.64
15076352,6.0,7.0,10.0,0.0,4.235280543485358,33781.6
15076281,6.0,26.0,7.0,0.0,3.789473684210526,1686.48
15076980,5.0,5.0,1.0,5.0,6.999999999999998,9.51
15075797,5.0,22.0,1.0,0.0,5.999999999999998,9.6
15076044,5.0,29.0,9.0,0.0,3.929824561403509,628.52
15075837,5.0,2.0,3.0,0.0,4.235294117647059,12.18
15076166,6.0,1.0,4.0,0.0,4.0,92.83
15077320,6.0,15.0,2.0,5.0,4.0,9.72
15075940,5.0,15.0,6.0,0.0,4.0,101.56
15076024,5.0,9.0,9.0,0.0,4.4999939732389,541.23
15075996,5.0,11.0,8.0,0.0,3.943661971830986,477.67
15076184,6.0,19.0,4.0,0.0,4.235288373287673,201.74
15076196,6.0,1.0,5.0,0.0,3.9999868169199417,911.25
15077155,5.0,30.0,6.0,5.0,3.870967741935484,413.35
15077176,5.0,21.0,7.0,5.0,4.49996933800145,725.03
15076991,5.0,16.0,1.0,5.0,7.0,9.7
15077445,6.0,20.0,6.0,5.0,4.235285852806774,23727.87
15076183,6.0,18.0,4.0,0.0,4.499991832912114,127.87
15076314,6.0,29.0,8.0,0.0,3.862068965517241,6909.45
15077287,6.0,12.0,1.0,5.0,8.99999470545792,5.87
15075917,5.0,22.0,5.0,0.0,4.0,78.56
15077903,8.0,27.0,1.0,5.0,8.999997267728295,11.47
15077927,8.0,21.0,2.0,5.0,4.235294117647059,317.3
15077879,8.0,3.0,1.0,5.0,5.999999999999998,11.41
15077599,7.0,23.0,1.0,5.0,7.999992677389916,6.52
15077088,5.0,23.0,4.0,5.0,4.235294117647059,65.1
15077114,5.0,19.0,5.0,5.0,3.9999995648139253,50.22
15077057,5.0,22.0,3.0,5.0,3.9999999993333377,9.99
15076341,6.0,26.0,9.0,0.0,3.7894683759009675,38037.65
15077013,5.0,8.0,2.0,5.0,4.49999950054946,7.88
15077026,5.0,21.0,2.0,5.0,4.5,13.5
15077058,5.0,23.0,3.0,5.0,4.235293448226279,13.8
15076376,7.0,1.0,1.0,0.0,6.0,9.08
15076578,7.0,23.0,7.0,0.0,2.9681978798586575,23544.23
15077295,6.0,20.0,1.0,5.0,7.999999999999998,4.01
15076776,8.0,11.0,4.0,0.0,3.9999846110618225,20152.02
15077588,7.0,12.0,1.0,5.0,8.99999445677867,13.13
15077364,6.0,29.0,3.0,5.0,4.0,23.55
15077369,6.0,4.0,4.0,5.0,4.0,177.95
15077264,5.0,19.0,10.0,5.0,3.84732824427481,6012.76
15077279,6.0,4.0,1.0,5.0,5.999998317234736,3.88
15076210,6.0,15.0,5.0,0.0,3.857142857142857,515.99
15077074,5.0,9.0,4.0,5.0,4.0,54.4
15076137,6.0,2.0,3.0,0.0,4.235291287288281,39.44
15077307,6.0,2.0,2.0,5.0,4.235293853529739,11.35
15077345,6.0,10.0,3.0,5.0,4.0,42.06
15076529,7.0,4.0,6.0,0.0,3.5618374558303887,15851.57
15076105,6.0,30.0,1.0,0.0,6.0,8.74
15076141,6.0,6.0,3.0,0.0,4.0,16.18
15077696,7.0,30.0,4.0,5.0,3.7333333333333334,25963.02
15076404,7.0,29.0,1.0,0.0,6.999999999999998,14.3
15077037,5.0,2.0,3.0,5.0,4.235294117647059,21.86
15076234,6.0,9.0,6.0,0.0,4.49998950664048,1958.99
15077269,5.0,24.0,10.0,5.0,4.4999897038152925,37294.94
15075894,5.0,29.0,4.0,0.0,4.0,15.68
15076729,8.0,24.0,2.0,0.0,3.9374999995062483,53.85
15075872,5.0,7.0,4.0,0.0,4.235294117647059,23.77
15076211,6.0,16.0,5.0,0.0,4.235286318355192,189.09
15077405,6.0,10.0,5.0,5.0,3.999992876345947,32586.02
15077016,5.0,11.0,2.0,5.0,4.0,5.76
15076017,5.0,2.0,9.0,0.0,4.235294117647059,327.12
15077014,5.0,9.0,2.0,5.0,4.500000000000001,7.98
15075943,5.0,18.0,6.0,0.0,4.499994537796507,129.43
15076369,6.0,24.0,10.0,0.0,4.235286157489969,26087.16
15076996,5.0,21.0,1.0,5.0,9.0,10.31
15076459,7.0,24.0,3.0,0.0,3.230769229822397,111.82
15077180,5.0,25.0,7.0,5.0,3.9999601451859412,31951.72
15077904,8.0,28.0,1.0,5.0,5.999999999999998,7.55
15075981,5.0,26.0,7.0,0.0,4.0,144.33
15077352,6.0,17.0,3.0,5.0,3.9999997422148597,46.79
15075998,5.0,13.0,8.0,0.0,3.9884892086330943,791.25
15076122,6.0,17.0,2.0,0.0,4.0,10.3
15077375,6.0,10.0,4.0,5.0,4.0,438.43
15077118,5.0,23.0,5.0,5.0,4.235294117647059,134.75
15077422,6.0,27.0,5.0,5.0,3.9999937074752214,11658.32
15077622,7.0,16.0,2.0,5.0,4.0,38.66
15076461,7.0,26.0,3.0,0.0,3.999999575840686,51.71
15077111,5.0,16.0,5.0,5.0,4.0,213.88
15077590,7.0,14.0,1.0,5.0,7.999995496557589,4.73
15077962,8.0,26.0,3.0,5.0,4.0,5592.35
15077394,6.0,29.0,4.0,5.0,4.0,226.56
15075931,5.0,6.0,6.0,0.0,3.913043235536923,43.67
15076977,5.0,2.0,1.0,5.0,7.999999999999998,9.97
15077210,5.0,25.0,8.0,5.0,3.9789473684210526,15311.36
15077395,6.0,30.0,4.0,5.0,3.9069767441860463,2452.38
15076416,7.0,11.0,2.0,0.0,4.0,12.79
15077632,7.0,26.0,2.0,5.0,4.235293354640728,36.28
15077921,8.0,15.0,2.0,5.0,3.9999999990001474,43.85
15077683,7.0,17.0,4.0,5.0,3.9999912699639375,15626.06
15075992,5.0,7.0,8.0,0.0,4.235294117647059,215.2
15076985,5.0,10.0,1.0,5.0,6.999999999999998,9.76
15076709,8.0,4.0,2.0,0.0,3.9999999994999995,26.45
15075964,5.0,9.0,7.0,0.0,4.5,255.42
15077289,6.0,14.0,1.0,5.0,7.999996066005591,4.15
15077027,5.0,22.0,2.0,5.0,4.0,12.53
15076694,8.0,19.0,1.0,0.0,4.000000000000001,15.53
15075866,5.0,1.0,4.0,0.0,4.0,17.5
15075915,5.0,20.0,5.0,0.0,4.235291286870877,52.53
15076088,6.0,13.0,1.0,0.0,6.999999999999998,8.9
15076297,6.0,12.0,8.0,0.0,3.9684972355150596,17830.37
15077372,6.0,7.0,4.0,5.0,4.0,615.18
15076120,6.0,15.0,2.0,0.0,4.0,9.46
15076489,7.0,24.0,4.0,0.0,3.0,161.58
15075800,5.0,25.0,1.0,0.0,7.0,10.37
15075946,5.0,21.0,6.0,0.0,3.9999958346299658,126.13
15077685,7.0,19.0,4.0,5.0,3.857142857142857,950.0
15076521,7.0,26.0,5.0,0.0,3.5643564356435644,7225.97
15076129,6.0,24.0,2.0,0.0,4.235294117123525,15.84
15077954,8.0,18.0,3.0,5.0,4.0,7508.84
15076706,8.0,1.0,2.0,0.0,3.999999999,25.68
15076690,8.0,15.0,1.0,0.0,4.0,11.76
15077128,5.0,3.0,6.0,5.0,3.9841897233201586,284.75
15077294,6.0,19.0,1.0,5.0,5.999999999999997,10.15
15075975,5.0,20.0,7.0,0.0,4.235294117647059,196.14
15075842,5.0,7.0,3.0,0.0,4.235294117647059,14.22
15077239,5.0,24.0,9.0,5.0,4.499985416666436,16059.9
15076721,8.0,16.0,2.0,0.0,3.9999999990001625,39.06
15076206,6.0,11.0,5.0,0.0,4.0,282.63
15077657,7.0,21.0,3.0,5.0,4.235266889667878,1681.33
15076802,8.0,7.0,5.0,0.0,3.4838709677419355,26570.6
15076431,7.0,26.0,2.0,0.0,4.0,18.44
15076109,6.0,4.0,2.0,0.0,4.0,8.8
15075852,5.0,17.0,3.0,0.0,4.0,11.4
15077143,5.0,18.0,6.0,5.0,4.5,96.3
15077621,7.0,15.0,2.0,5.0,4.0,18.9
15077020,5.0,15.0,2.0,5.0,4.235294117123528,13.13
15077958,8.0,22.0,3.0,5.0,4.0,2257.5
15076178,6.0,13.0,4.0,0.0,4.0,299.21
15075807,5.0,2.0,2.0,0.0,4.235294117647059,10.06
15076013,5.0,28.0,8.0,0.0,3.9529411764705884,2142.69
15076016,5.0,1.0,9.0,0.0,3.862068965517241,633.01
15076086,6.0,11.0,1.0,0.0,7.0,8.91
15077917,8.0,11.0,2.0,5.0,3.9999999995,57.15
15077055,5.0,20.0,3.0,5.0,4.499999500549447,14.26
15077318,6.0,13.0,2.0,5.0,4.0,13.9
15077715,7.0,19.0,5.0,5.0,3.857136403453136,29832.13
15077916,8.0,10.0,2.0,5.0,4.0,47.95
15077625,7.0,19.0,2.0,5.0,4.0,19.73
15075851,5.0,16.0,3.0,0.0,4.235294117647059,14.46
15077353,6.0,18.0,3.0,5.0,4.4999935647617235,115.11
15075822,5.0,17.0,2.0,0.0,4.0,9.48
15076143,6.0,8.0,3.0,0.0,4.0,13.33
15075974,5.0,19.0,7.0,0.0,4.235294117647059,144.3
15075978,5.0,23.0,7.0,0.0,3.8888888888888893,414.57
15077139,5.0,14.0,6.0,5.0,4.0,189.86
15077595,7.0,19.0,1.0,5.0,5.99999776978957,4.52
15075829,5.0,24.0,2.0,0.0,4.235294117123468,8.21
15077670,7.0,4.0,4.0,5.0,4.0,5555.85
15077934,8.0,28.0,2.0,5.0,3.999999999000323,68.94
15077081,5.0,16.0,4.0,5.0,3.9999997240392107,42.22
15077885,8.0,9.0,1.0,5.0,6.0,5.12
15077113,5.0,18.0,5.0,5.0,4.5,126.91
15077603,7.0,27.0,1.0,5.0,8.999994760610985,7.15
15077896,8.0,20.0,1.0,5.0,7.999997146313664,6.89
15076239,6.0,14.0,6.0,0.0,4.235285962791808,1169.36
15077913,8.0,7.0,2.0,5.0,4.0,80.88
15076499,7.0,4.0,5.0,0.0,3.7752808988764044,3080.24
15076299,6.0,14.0,8.0,0.0,4.235281212408412,17379.95
15077190,5.0,5.0,8.0,5.0,3.9374950447912984,6077.36
15075873,5.0,8.0,4.0,0.0,4.0,12.38
15075869,5.0,4.0,4.0,0.0,4.0,16.16
15076072,5.0,27.0,10.0,0.0,3.9999946602153806,13132.4
15077407,6.0,12.0,5.0,5.0,4.199994324586815,4188.33
15075990,5.0,5.0,8.0,0.0,3.9909502262443444,6489.55
15076308,6.0,23.0,8.0,0.0,3.7333255973199138,2973.18
15077002,5.0,27.0,1.0,5.0,9.0,3.8
15077015,5.0,10.0,2.0,5.0,4.0,5.38
15076070,5.0,25.0,10.0,0.0,3.9069711532778477,6333.59
15075777,5.0,2.0,1.0,0.0,7.999999999999998,11.85
15076382,7.0,7.0,1.0,0.0,5.999999999999998,16.14
15076779,8.0,14.0,4.0,0.0,3.9999903048556003,5519.37
15076412,7.0,7.0,2.0,0.0,4.0,12.33
15076150,6.0,15.0,3.0,0.0,4.000000000000001,19.74
15076388,7.0,13.0,1.0,0.0,6.999999999999998,14.53
15076030,5.0,15.0,9.0,0.0,3.8505942275042444,1238.04
15076202,6.0,7.0,5.0,0.0,4.23528175183989,1163.43
15076076,6.0,1.0,1.0,0.0,7.0,8.52
15075963,5.0,8.0,7.0,0.0,3.9873417721518987,108.67
15076429,7.0,24.0,2.0,0.0,4.0,24.75
15076000,5.0,15.0,8.0,0.0,3.865030674846626,2032.35
15075791,5.0,16.0,1.0,0.0,8.0,9.72
15076481,7.0,16.0,4.0,0.0,4.0,514.12
15076134,6.0,29.0,2.0,0.0,4.0,9.59
15076146,6.0,11.0,3.0,0.0,4.000000000000001,20.44
15076026,5.0,11.0,9.0,0.0,3.9436619718309864,996.65
15076818,8.0,23.0,5.0,0.0,2.823523310938843,17991.25
15075854,5.0,19.0,3.0,0.0,4.235293853529883,14.7
15077639,7.0,3.0,3.0,5.0,4.0,399.67
15075970,5.0,15.0,7.0,0.0,3.9130434782608696,453.89
15075871,5.0,6.0,4.0,0.0,4.0,13.65
15075855,5.0,20.0,3.0,0.0,4.235294117123528,13.91
15075920,5.0,25.0,5.0,0.0,3.9069767307059267,43.31
15076693,8.0,18.0,1.0,0.0,4.0,13.78
15076309,6.0,24.0,8.0,0.0,4.235284416615461,8976.37
15076731,8.0,26.0,2.0,0.0,3.9999999990005337,44.23
15075865,5.0,30.0,3.0,0.0,3.9999999971488838,13.1
15076333,6.0,18.0,9.0,0.0,4.499990898190203,35728.37
15075944,5.0,19.0,6.0,0.0,4.235294117647059,90.34
15077640,7.0,4.0,3.0,5.0,4.0,182.84
15076435,7.0,30.0,2.0,0.0,3.9999997643129808,24.86
15077079,5.0,14.0,4.0,5.0,4.0,27.32
15077236,5.0,21.0,9.0,5.0,4.499986398172449,24254.35
15077322,6.0,17.0,2.0,5.0,4.0,12.74
15077012,5.0,7.0,2.0,5.0,4.235294117647058,8.71
15077290,6.0,15.0,1.0,5.0,6.999999999999995,4.13
15076270,6.0,15.0,7.0,0.0,3.673465467727513,13217.63
15075994,5.0,9.0,8.0,0.0,4.5,412.54
15075877,5.0,12.0,4.0,0.0,4.080971247138101,27.84
15076697,8.0,22.0,1.0,0.0,3.9999999995,9.19
15076294,6.0,9.0,8.0,0.0,4.499963949297381,27941.59
15076259,6.0,4.0,7.0,0.0,3.789473684210527,6168.71
15077580,7.0,4.0,1.0,5.0,5.999999999999998,5.87
15076401,7.0,26.0,1.0,0.0,6.0,14.11
15075952,5.0,27.0,6.0,0.0,4.0,85.88
15077929,8.0,23.0,2.0,5.0,3.999999999499999,81.44
15076393,7.0,18.0,1.0,0.0,7.999999999999998,14.5
15076782,8.0,17.0,4.0,0.0,3.111111111111111,1738.43
15076451,7.0,16.0,3.0,0.0,4.0,81.85
15076113,6.0,8.0,2.0,0.0,4.0,8.96
15077303,6.0,28.0,1.0,5.0,5.999999999999998,4.79
15077183,5.0,28.0,7.0,5.0,3.999990917420476,14864.2
15077384,6.0,19.0,4.0,5.0,4.0,114.73
15076104,6.0,29.0,1.0,0.0,6.999999999199999,8.74
15076524,7.0,29.0,5.0,0.0,3.862064680697414,964.68
15077390,6.0,25.0,4.0,5.0,3.99999434264032,2319.67
15076785,8.0,20.0,4.0,0.0,3.272727272727273,10927.27
15076486,7.0,21.0,4.0,0.0,3.999995474870161,576.61
15077141,5.0,16.0,6.0,5.0,4.0,781.3
15076261,6.0,6.0,7.0,0.0,3.8571428571428568,1604.78
15075893,5.0,28.0,4.0,0.0,3.9999999160174946,30.06
15075838,5.0,3.0,3.0,0.0,4.0,12.59
15077217,5.0,2.0,9.0,5.0,4.235294117647059,3642.9
15076006,5.0,21.0,8.0,0.0,3.9894459102902378,10905.44
15076093,6.0,18.0,1.0,0.0,9.0,8.16
15076542,7.0,17.0,6.0,0.0,3.3600000000000003,1992.78
15076111,6.0,6.0,2.0,0.0,4.0,8.55
15076413,7.0,8.0,2.0,0.0,4.0,11.4
15076466,7.0,1.0,4.0,0.0,3.999992483283385,713.7
15077080,5.0,15.0,4.0,5.0,4.235294117647059,130.27
15076039,5.0,24.0,9.0,0.0,4.235291197154067,155.26
15077032,5.0,27.0,2.0,5.0,4.5,6.84
15075961,5.0,6.0,7.0,0.0,3.9130374698632053,3181.7
15077327,6.0,22.0,2.0,5.0,3.9999999994999786,17.82
15076507,7.0,12.0,5.0,0.0,3.1304347826086953,4698.29
15077033,5.0,28.0,2.0,5.0,4.0,16.03
15076474,7.0,9.0,4.0,0.0,3.9999908868147727,813.85
15076167,6.0,2.0,4.0,0.0,4.2352894675205945,303.4
15077381,6.0,16.0,4.0,5.0,4.0,2816.54
15076144,6.0,9.0,3.0,0.0,4.499999415549998,35.96
15077164,5.0,9.0,7.0,5.0,4.0,663.76
15075926,5.0,1.0,6.0,0.0,3.88888888888889,35.09
15075941,5.0,16.0,6.0,0.0,4.235287089338777,204.9
15075987,5.0,2.0,8.0,0.0,4.235294117647059,750.37
15077130,5.0,5.0,6.0,5.0,3.984189723320158,619.27
15075907,5.0,12.0,5.0,0.0,4.080971659919028,108.07
15075827,5.0,22.0,2.0,0.0,4.0,9.45
15077389,6.0,24.0,4.0,5.0,4.080971659919028,513.65
15077660,7.0,24.0,3.0,5.0,4.235285740214504,1147.08
15075840,5.0,5.0,3.0,0.0,4.0,11.55
15076493,7.0,28.0,4.0,0.0,3.9999918824634335,9998.0
15076442,7.0,7.0,3.0,0.0,4.0,34.5
15077298,6.0,23.0,1.0,5.0,7.9999993154772495,4.32
15076678,8.0,3.0,1.0,0.0,4.0,9.1
15077312,6.0,7.0,2.0,5.0,4.0,7.96
15076733,8.0,28.0,2.0,0.0,3.999999999000099,42.55
15076391,7.0,16.0,1.0,0.0,7.0,14.98
15076185,6.0,20.0,4.0,0.0,4.235294117647059,94.46
15076423,7.0,18.0,2.0,0.0,4.0,22.12
15076213,6.0,18.0,5.0,0.0,4.49999077506141,237.61
15076157,6.0,22.0,3.0,0.0,4.0,26.6
15076126,6.0,21.0,2.0,0.0,4.0,9.61
15075805,5.0,30.0,1.0,0.0,7.999998405733482,9.08
15077391,6.0,26.0,4.0,5.0,4.0,306.67
15076691,8.0,16.0,1.0,0.0,3.9999999995,10.28
15076473,7.0,8.0,4.0,0.0,4.0,431.17
15077339,6.0,4.0,3.0,5.0,4.0,24.15
15075812,5.0,7.0,2.0,0.0,4.235294117123496,10.79
15076312,6.0,27.0,8.0,0.0,3.7894675936936473,9620.23
15077115,5.0,20.0,5.0,5.0,4.5,105.09
15077018,5.0,13.0,2.0,5.0,4.5,9.85
15077181,5.0,26.0,7.0,5.0,4.4999883125256765,2938.94
15077331,6.0,26.0,2.0,5.0,4.235294117647059,16.4
15077931,8.0,25.0,2.0,5.0,4.0,139.92
15076994,5.0,19.0,1.0,5.0,5.999999999999999,9.75
15076444,7.0,9.0,3.0,0.0,4.0,53.67
15076450,7.0,15.0,3.0,0.0,4.0,44.61
15077104,5.0,9.0,5.0,5.0,4.0,124.8
15075950,5.0,25.0,6.0,0.0,3.9069767441860463,174.15
15075949,5.0,24.0,6.0,0.0,4.235292964015965,48.34
15076256,6.0,1.0,7.0,0.0,3.8181771063391983,13592.38
15076209,6.0,14.0,5.0,0.0,4.235294117647059,283.94
15077363,6.0,28.0,3.0,5.0,4.0,84.6
15076385,7.0,10.0,1.0,0.0,7.0,14.69
15076220,6.0,25.0,5.0,0.0,3.862064316468335,959.86
15077335,6.0,30.0,2.0,5.0,3.9999998953897116,12.8
15077087,5.0,22.0,4.0,5.0,4.0,62.34
15077417,6.0,22.0,5.0,5.0,3.775276485913989,17636.13
15075921,5.0,26.0,5.0,0.0,3.999999660941463,37.42
15076132,6.0,27.0,2.0,0.0,4.0,12.73
15076989,5.0,14.0,1.0,5.0,8.0,10.06
15075953,5.0,28.0,6.0,0.0,3.9999957112515454,192.76
15075841,5.0,6.0,3.0,0.0,3.9999998338430305,11.56
15076681,8.0,6.0,1.0,0.0,4.0,10.06
15077613,7.0,7.0,2.0,5.0,3.999999999000209,29.79
15077199,5.0,14.0,8.0,5.0,3.9999956636005125,6077.73
15077101,5.0,6.0,5.0,5.0,4.235294117647059,135.27
15077293,6.0,18.0,1.0,5.0,9.0,11.96
15076155,6.0,20.0,3.0,0.0,4.235294117647058,35.26
15076315,6.0,30.0,8.0,0.0,3.5294117647058822,1546.74
15077908,8.0,2.0,2.0,5.0,4.0,38.64
15076722,8.0,17.0,2.0,0.0,4.0,36.26
15077156,5.0,1.0,7.0,5.0,3.9999780332718355,25409.85
15077278,6.0,3.0,1.0,5.0,7.0,4.18
15077311,6.0,6.0,2.0,5.0,4.0,11.04
15077019,5.0,14.0,2.0,5.0,4.235294117123504,13.72
15076102,6.0,27.0,1.0,0.0,6.0,7.9
15076248,6.0,23.0,6.0,0.0,3.7333333333333334,196.2
15077044,5.0,9.0,3.0,5.0,4.499996851856056,20.64
15075948,5.0,23.0,6.0,0.0,3.8888888888888893,132.67
15076276,6.0,21.0,7.0,0.0,3.984189723320158,8376.4
15076238,6.0,13.0,6.0,0.0,3.984189723320158,24460.39
15075965,5.0,10.0,7.0,0.0,3.9999911297639135,5931.47
15076448,7.0,13.0,3.0,0.0,4.0,129.27
15077281,6.0,6.0,1.0,5.0,5.999999624009303,4.16
15076081,6.0,6.0,1.0,0.0,6.0,8.35
15076158,6.0,23.0,3.0,0.0,3.862068462053355,20.63
15075782,5.0,7.0,1.0,0.0,8.0,12.99
15076272,6.0,17.0,7.0,0.0,3.9069703707372,1648.62
15075887,5.0,22.0,4.0,0.0,3.9999999994999973,18.87
15076434,7.0,29.0,2.0,0.0,4.000000000000001,11.98
15076541,7.0,16.0,6.0,0.0,3.6,14400.16
15076773,8.0,8.0,4.0,0.0,3.36,977.53
15077343,6.0,8.0,3.0,5.0,4.0,22.45
15077398,6.0,3.0,5.0,5.0,3.9999886033373007,40674.97
15076790,8.0,25.0,4.0,0.0,3.0,2774.93
15077358,6.0,23.0,3.0,5.0,3.999999999499998,41.11
15077063,5.0,28.0,3.0,5.0,4.0,13.27
15077244,5.0,29.0,9.0,5.0,3.943657566400476,6930.28
15076054,5.0,9.0,10.0,0.0,4.49998241274231,3436.62
15077337,6.0,2.0,3.0,5.0,4.235294117647059,178.02
15077649,7.0,13.0,3.0,5.0,4.0,710.44
15076291,6.0,6.0,8.0,0.0,3.857137083485244,10597.37
15077888,8.0,12.0,1.0,5.0,8.0,5.09
15076289,6.0,4.0,8.0,0.0,3.7894683650693204,7537.0
15076755,8.0,20.0,3.0,0.0,3.999995636926137,1070.46
15077387,6.0,22.0,4.0,5.0,4.0,502.76
15076389,7.0,14.0,1.0,0.0,7.0,14.36
15076242,6.0,17.0,6.0,0.0,3.9069716028725443,511.69
15076056,5.0,11.0,10.0,0.0,3.9436573468300633,2184.12
15076997,5.0,22.0,1.0,5.0,6.0,3.65
15077053,5.0,18.0,3.0,5.0,4.4999995005495,17.91
15076085,6.0,10.0,1.0,0.0,7.0,8.39
15077242,5.0,27.0,9.0,5.0,4.499993197310609,8083.13
15075779,5.0,4.0,1.0,0.0,6.999999999999998,11.88
15075862,5.0,27.0,3.0,0.0,4.49999955555557,19.13
15076040,5.0,25.0,9.0,0.0,3.906976744186047,6157.01
15077148,5.0,23.0,6.0,5.0,4.235288289723115,529.75
15076468,7.0,3.0,4.0,0.0,3.9999817795036066,1047.3
15076180,6.0,15.0,4.0,0.0,4.0,87.02
15076983,5.0,8.0,1.0,5.0,9.0,10.26
15076064,5.0,19.0,10.0,0.0,4.235294117647059,2049.69
15075892,5.0,27.0,4.0,0.0,4.0,15.19
15077071,5.0,6.0,4.0,5.0,4.235294117647059,91.47
15075947,5.0,22.0,6.0,0.0,3.8181818181818183,157.17
15077376,6.0,11.0,4.0,5.0,4.000000000000001,300.64
15077078,5.0,13.0,4.0,5.0,4.0,41.71
15077674,7.0,8.0,4.0,5.0,4.0,6141.02
15075923,5.0,28.0,5.0,0.0,4.0,99.04
15076988,5.0,13.0,1.0,5.0,7.0,10.06
15077186,5.0,1.0,8.0,5.0,3.906971577389382,28983.6
15077400,6.0,5.0,5.0,5.0,3.9841897233201586,26715.62
15077880,8.0,4.0,1.0,5.0,5.999999999999998,14.7
15077340,6.0,5.0,3.0,5.0,3.999999662131298,72.12
15076212,6.0,17.0,5.0,0.0,3.9069767441860463,216.75
15077666,7.0,30.0,3.0,5.0,3.9999873585442014,913.55
15076310,6.0,25.0,8.0,0.0,3.862056619287766,32781.52
15077093,5.0,28.0,4.0,5.0,4.0,56.35
15075954,5.0,29.0,6.0,0.0,3.943661971830986,25.38
15076089,6.0,14.0,1.0,0.0,7.999999999999998,8.77
15076323,6.0,8.0,9.0,0.0,3.9789473684210526,26649.54
15077664,7.0,28.0,3.0,5.0,4.0,1066.49
15077891,8.0,15.0,1.0,5.0,5.999999999999957,5.6
15076357,6.0,12.0,10.0,0.0,3.968494898135749,14903.02
15075839,5.0,4.0,3.0,0.0,4.0,11.55
15077120,5.0,25.0,5.0,5.0,4.0,176.87
15075962,5.0,7.0,7.0,0.0,4.235294117647059,124.33
15076252,6.0,27.0,6.0,0.0,3.789473684210526,1227.21
15077319,6.0,14.0,2.0,5.0,4.235294117123528,15.71
15077089,5.0,24.0,4.0,5.0,4.4999995005494995,51.75
15076514,7.0,19.0,5.0,0.0,3.564356435643564,555.92
15077147,5.0,22.0,6.0,5.0,3.7752808988764044,307.7
15076458,7.0,23.0,3.0,0.0,3.5,52.26
15075890,5.0,25.0,4.0,0.0,3.9999995315824046,29.53
15077923,8.0,17.0,2.0,5.0,3.999999999000437,61.83
15075960,5.0,5.0,7.0,0.0,3.999994508800852,373.88
15075906,5.0,11.0,5.0,0.0,3.999998767361725,31.85
15076387,7.0,12.0,1.0,0.0,7.0,13.57
15076007,5.0,22.0,8.0,0.0,3.8181754194354784,25889.91
15076138,6.0,3.0,3.0,0.0,3.9999999994999986,26.23
15075902,5.0,7.0,5.0,0.0,4.23529411764706,31.06
15075988,5.0,3.0,8.0,0.0,3.9873417721518982,6700.37
15077238,5.0,23.0,9.0,5.0,4.23528556773863,33995.14
15076513,7.0,18.0,5.0,0.0,3.4838709677419355,4755.89
15076034,5.0,19.0,9.0,0.0,4.235294117647059,420.19
15076752,8.0,17.0,3.0,0.0,3.111111111111111,123.67
15077144,5.0,19.0,6.0,5.0,3.857142857142857,89.04
15077385,6.0,20.0,4.0,5.0,4.235294117647059,482.09
15076794,8.0,29.0,4.0,0.0,3.8620689655172415,3955.32
15076724,8.0,19.0,2.0,0.0,3.9999998749737107,30.15
15077054,5.0,19.0,3.0,5.0,4.0,9.13
15076162,6.0,27.0,3.0,0.0,3.999999299539838,25.43
15075888,5.0,23.0,4.0,0.0,3.906976697029709,15.0
15077154,5.0,29.0,6.0,5.0,4.0,204.63
15077056,5.0,21.0,3.0,5.0,4.4999999994499955,19.92
15076201,6.0,6.0,5.0,0.0,3.891891891891892,249.94
15077347,6.0,12.0,3.0,5.0,4.499989510499184,87.6
15077028,5.0,23.0,2.0,5.0,4.235294117647059,11.57
15076427,7.0,22.0,2.0,0.0,4.0,15.2
15077585,7.0,9.0,1.0,5.0,8.99999482787461,7.5
15076537,7.0,12.0,6.0,0.0,3.1111111111111116,9852.78
15077100,5.0,5.0,5.0,5.0,4.0,226.34
15076279,6.0,24.0,7.0,0.0,4.235273824334596,13255.38
15076190,6.0,25.0,4.0,0.0,3.8620689655172415,136.63
15075794,5.0,19.0,1.0,0.0,8.0,7.35
15076176,6.0,11.0,4.0,0.0,3.999999764472453,80.72
15077207,5.0,22.0,8.0,5.0,3.761194029850747,19211.5
15076784,8.0,19.0,4.0,0.0,3.428571428571429,1347.37
15075786,5.0,11.0,1.0,0.0,7.0,9.7
15076463,7.0,28.0,3.0,0.0,4.0,160.52
15077042,5.0,7.0,3.0,5.0,3.9999999999999796,13.27
15076092,6.0,17.0,1.0,0.0,7.0,8.17
15076677,8.0,2.0,1.0,0.0,3.9999996337639594,14.59
15077404,6.0,9.0,5.0,5.0,3.9999956049890404,7039.3
15077205,5.0,20.0,8.0,5.0,4.5,1759.9
15076723,8.0,18.0,2.0,0.0,3.999999577598954,68.6
15076195,6.0,30.0,4.0,0.0,3.789473684210526,126.7
15076432,7.0,27.0,2.0,0.0,4.0,16.78
15075918,5.0,23.0,5.0,0.0,3.8888888109205797,21.93
15076470,7.0,5.0,4.0,0.0,3.999994199467162,4731.95
15077136,5.0,11.0,6.0,5.0,4.0,134.02
15076527,7.0,2.0,6.0,0.0,3.6,6701.92
15076108,6.0,3.0,2.0,0.0,4.0,11.78
15077152,5.0,27.0,6.0,5.0,4.5,242.5
15077437,6.0,12.0,6.0,5.0,4.2,32723.58
15077946,8.0,10.0,3.0,5.0,4.0,4088.7
15075919,5.0,24.0,5.0,0.0,4.235294116381894,28.11
15076701,8.0,26.0,1.0,0.0,3.9999999999999987,13.64
15076193,6.0,28.0,4.0,0.0,4.0,175.62
15076525,7.0,30.0,5.0,0.0,3.272727272727273,8855.15
15076059,5.0,14.0,10.0,0.0,4.235284030149255,7000.59
15076698,8.0,23.0,1.0,0.0,3.9999999999997793,10.25
15077317,6.0,12.0,2.0,5.0,4.499999957000123,15.87
15077049,5.0,14.0,3.0,5.0,4.235293632818428,16.4
15077043,5.0,8.0,3.0,5.0,4.499999999449999,14.32
15077583,7.0,7.0,1.0,5.0,5.999999999999997,4.48
15077371,6.0,6.0,4.0,5.0,3.99999503644632,1850.15
15076181,6.0,16.0,4.0,0.0,4.235294117647059,139.63
15076718,8.0,13.0,2.0,0.0,4.0,32.89
15077416,6.0,21.0,5.0,5.0,4.080967472252629,17401.73
15077892,8.0,16.0,1.0,5.0,6.999999033378691,6.79
15076712,8.0,7.0,2.0,0.0,3.9999999990001474,36.31
15075864,5.0,29.0,3.0,0.0,4.0,9.4
15076227,6.0,2.0,6.0,0.0,4.235294117647059,275.1
15077051,5.0,16.0,3.0,5.0,4.0,13.76
15076224,6.0,29.0,5.0,0.0,3.9298245614035086,505.4
15075792,5.0,17.0,1.0,0.0,7.0,9.82
15076247,6.0,22.0,6.0,0.0,3.705876557692424,7102.6
15077403,6.0,8.0,5.0,5.0,3.978947368421053,3474.79
15076324,6.0,9.0,9.0,0.0,4.499967242206887,35201.84
15076682,8.0,7.0,1.0,0.0,4.0,10.04
15076047,5.0,2.0,10.0,0.0,4.235294117647059,1818.76
15076771,8.0,6.0,4.0,0.0,3.2727272727272725,2542.71
15077626,7.0,20.0,2.0,5.0,4.235294003949788,41.27
15077424,6.0,29.0,5.0,5.0,3.9999859695783697,11328.79
15075991,5.0,6.0,8.0,0.0,3.891891891891892,277.56
15077083,5.0,18.0,4.0,5.0,4.499998288148281,39.9
15075883,5.0,18.0,4.0,0.0,4.499999100000001,15.3
15076147,6.0,12.0,3.0,0.0,3.968502953634611,25.3
15076430,7.0,25.0,2.0,0.0,3.999999212591371,24.44
15077901,8.0,25.0,1.0,5.0,5.999996854045113,12.01
15077038,5.0,3.0,3.0,5.0,3.9999999994960334,8.51
15076274,6.0,19.0,7.0,0.0,4.235279335284207,10982.04
15076053,5.0,8.0,10.0,0.0,3.9873417721518987,4389.5
15076079,6.0,4.0,1.0,0.0,5.999999999999997,9.55
15077356,6.0,21.0,3.0,5.0,4.235289122651299,159.16
15075778,5.0,3.0,1.0,0.0,6.999999999999998,11.85
15076161,6.0,26.0,3.0,0.0,4.000000000000001,17.5
15076327,6.0,12.0,9.0,0.0,3.9684979812257826,11875.58
15076233,6.0,8.0,6.0,0.0,3.978947368421053,194.27
15076074,5.0,29.0,10.0,0.0,3.9298196324757386,682.24
15076031,5.0,16.0,9.0,0.0,4.235282822134464,3681.43
15076762,8.0,27.0,3.0,0.0,4.0,621.83
15076447,7.0,12.0,3.0,0.0,3.8620670285728163,65.64
15077351,6.0,16.0,3.0,5.0,4.0,166.39
15077656,7.0,20.0,3.0,5.0,4.235294117647059,498.24
15075796,5.0,21.0,1.0,0.0,7.0,9.16
15075820,5.0,15.0,2.0,0.0,4.0,8.46
15077402,6.0,7.0,5.0,5.0,3.999992240457259,12071.89
15076415,7.0,10.0,2.0,0.0,4.0,22.36
15077365,6.0,30.0,3.0,5.0,4.0,91.93
15075911,5.0,16.0,5.0,0.0,4.2352927889278345,57.25
15077629,7.0,23.0,2.0,5.0,4.235290965895956,34.78
15077187,5.0,2.0,8.0,5.0,4.235287155774843,574.09
15077039,5.0,4.0,3.0,5.0,4.000000000000001,10.31
15076715,8.0,10.0,2.0,0.0,4.0,56.25
15075868,5.0,3.0,4.0,0.0,4.0,20.35
15076728,8.0,23.0,2.0,0.0,3.0,22.12
15076033,5.0,18.0,9.0,0.0,4.499993989918716,904.86
15076303,6.0,18.0,8.0,0.0,4.499981211546097,11503.26
15076149,6.0,14.0,3.0,0.0,4.235285740738036,44.07
15077330,6.0,25.0,2.0,5.0,4.235293853529881,16.96
15076676,8.0,1.0,1.0,0.0,3.9999999999999987,9.76
15076204,6.0,9.0,5.0,0.0,4.5,499.55
15076175,6.0,10.0,4.0,0.0,3.999995036093557,317.1
15077877,8.0,1.0,1.0,5.0,6.0,15.06
15076207,6.0,12.0,5.0,0.0,3.968503937007874,232.64
15076094,6.0,19.0,1.0,0.0,8.0,8.16
15077935,8.0,29.0,2.0,5.0,4.0,43.26
15077662,7.0,26.0,3.0,5.0,4.235287250463466,649.54
15077647,7.0,11.0,3.0,5.0,4.0,189.2
15077373,6.0,8.0,4.0,5.0,4.0,239.46
15075927,5.0,2.0,6.0,0.0,4.235294117647059,66.71
15077577,7.0,1.0,1.0,5.0,6.99999761701918,21.07
15076096,6.0,21.0,1.0,0.0,7.0,7.55
15076130,6.0,25.0,2.0,0.0,3.9999999989719357,15.8
15076770,8.0,5.0,4.0,0.0,3.36,4154.05
15076123,6.0,18.0,2.0,0.0,4.5,13.32
15076759,8.0,24.0,3.0,0.0,3.0,209.43
15076218,6.0,23.0,5.0,0.0,3.7333333333333334,149.56
15077177,5.0,22.0,7.0,5.0,3.7752808988764044,2354.19
15077651,7.0,15.0,3.0,5.0,4.0,74.29
15076214,6.0,19.0,5.0,0.0,4.2352888162195725,267.23
15075937,5.0,12.0,6.0,0.0,4.080965682577784,489.0
15077592,7.0,16.0,1.0,5.0,6.999998148388797,11.81
15077010,5.0,5.0,2.0,5.0,4.499999999449992,7.87
15077905,8.0,29.0,1.0,5.0,6.999998444444451,9.17
15075824,5.0,19.0,2.0,0.0,4.235294117123521,10.35
15077065,5.0,30.0,3.0,5.0,3.999999996002049,17.4
15077594,7.0,18.0,1.0,5.0,8.99999503028576,12.13
15077285,6.0,10.0,1.0,5.0,6.999999999199999,10.7
15075853,5.0,18.0,3.0,0.0,4.499999999449999,15.12
15076004,5.0,19.0,8.0,0.0,4.235294117647059,354.88
15077413,6.0,18.0,5.0,5.0,4.363636363636364,14184.67
15076142,6.0,7.0,3.0,0.0,4.235290405165068,45.67
15076438,7.0,3.0,3.0,0.0,4.0,99.88
15076768,8.0,3.0,4.0,0.0,3.483864425595924,13415.37
15076683,8.0,8.0,1.0,0.0,3.9999999999999987,9.93
15077900,8.0,24.0,1.0,5.0,6.999999999999994,11.9
15076781,8.0,16.0,4.0,0.0,3.36,2371.83
15076177,6.0,12.0,4.0,0.0,3.968503937007874,75.77
15077208,5.0,23.0,8.0,5.0,4.235284248595327,11325.69
15076271,6.0,16.0,7.0,0.0,4.235276619843335,23467.41
15077064,5.0,29.0,3.0,5.0,4.000000000000001,7.1
15076543,7.0,18.0,6.0,0.0,3.3962264150943398,22455.37
15077048,5.0,13.0,3.0,5.0,4.0,17.02
15077672,7.0,6.0,4.0,5.0,3.8571372115901914,38194.05
15076023,5.0,8.0,9.0,0.0,3.987334175380802,941.78
15076036,5.0,21.0,9.0,0.0,3.9873417721518987,27324.39
15076172,6.0,7.0,4.0,0.0,4.235286145034196,150.82
15076688,8.0,13.0,1.0,0.0,3.9999999999999982,14.29
15077944,8.0,8.0,3.0,5.0,4.0,323.45
15077951,8.0,15.0,3.0,5.0,4.0,919.91
15077333,6.0,28.0,2.0,5.0,4.0,12.02
15075886,5.0,21.0,4.0,0.0,4.0,14.28
15076464,7.0,29.0,3.0,0.0,3.99999910400893,36.06
15077612,7.0,6.0,2.0,5.0,4.0,34.27
15077689,7.0,23.0,4.0,5.0,3.9999883601185795,16971.46
15076101,6.0,26.0,1.0,0.0,6.000000000000001,7.92
15077046,5.0,11.0,3.0,5.0,4.0,8.43
15077096,5.0,1.0,5.0,5.0,4.0,234.02
15076738,8.0,3.0,3.0,0.0,3.999995635231967,677.79
15075925,5.0,30.0,5.0,0.0,4.0,92.01
15077884,8.0,8.0,1.0,5.0,6.0,4.87
15077200,5.0,15.0,8.0,5.0,4.235277120912849,22910.4
15076764,8.0,29.0,3.0,0.0,4.0,184.25
15076485,7.0,20.0,4.0,0.0,3.978947368421053,1247.51
15077392,6.0,27.0,4.0,5.0,4.0,674.34
15077160,5.0,5.0,7.0,5.0,3.984189723320158,4747.98
15076241,6.0,16.0,6.0,0.0,4.235294117647059,646.93
15077098,5.0,3.0,5.0,5.0,4.000000000000001,212.25
15077102,5.0,7.0,5.0,5.0,4.0,110.17
15077579,7.0,3.0,1.0,5.0,6.999999190685875,5.38
15077108,5.0,13.0,5.0,5.0,4.0,120.32
15076403,7.0,28.0,1.0,0.0,5.999999999999998,14.28
15076253,6.0,28.0,6.0,0.0,3.999985128950443,30017.75
15077336,6.0,1.0,3.0,5.0,4.0,38.57
15076061,5.0,16.0,10.0,0.0,4.235288518878059,1464.73
15076555,7.0,30.0,6.0,0.0,3.272727272727273,27419.07
15076186,6.0,21.0,4.0,0.0,3.99999964750384,42.67
15076687,8.0,12.0,1.0,0.0,4.0,14.16
15077932,8.0,26.0,2.0,5.0,4.235294117647059,151.32
15076140,6.0,5.0,3.0,0.0,3.999999746645093,20.03
15076262,6.0,7.0,7.0,0.0,4.235286431404345,4301.59
15077367,6.0,2.0,4.0,5.0,4.235294117647059,742.78
15075980,5.0,25.0,7.0,0.0,3.906976744186047,338.73
15076726,8.0,21.0,2.0,0.0,4.000000000000001,24.22
15076229,6.0,4.0,6.0,0.0,3.84,772.51
15075999,5.0,14.0,8.0,0.0,4.2352828797901445,2768.64
15076743,8.0,8.0,3.0,0.0,3.9999889125608648,213.12
15077153,5.0,28.0,6.0,5.0,4.0,1451.36
15076554,7.0,29.0,6.0,0.0,3.612903225806452,8001.09
15076062,5.0,17.0,10.0,0.0,3.9298245614035086,6058.42
15077174,5.0,19.0,7.0,5.0,3.8473282442748094,106.4
15076519,7.0,24.0,5.0,0.0,3.0,1320.94
15077179,5.0,24.0,7.0,5.0,4.5,978.86
15076099,6.0,24.0,1.0,0.0,8.0,8.44
15076280,6.0,25.0,7.0,0.0,3.862061392036824,11117.21
15076020,5.0,5.0,9.0,0.0,3.989440747728749,33955.02
15076491,7.0,26.0,4.0,0.0,3.857142857142857,301.84
15077036,5.0,1.0,3.0,5.0,4.0,11.35
15077377,6.0,12.0,4.0,5.0,4.199995604932638,604.91
15077581,7.0,5.0,1.0,5.0,6.999999999199999,6.77
15077041,5.0,6.0,3.0,5.0,4.235293071322777,24.41
15077415,6.0,20.0,5.0,5.0,4.235287045251224,13513.55
15077643,7.0,7.0,3.0,5.0,4.0,198.26
15075891,5.0,26.0,4.0,0.0,4.0,13.9
15075828,5.0,23.0,2.0,0.0,3.999999999999999,7.89
15077117,5.0,22.0,5.0,5.0,4.0,870.6
15076763,8.0,28.0,3.0,0.0,3.999995062146225,957.05
15077162,5.0,7.0,7.0,5.0,4.0,2380.62
15077589,7.0,13.0,1.0,5.0,6.999999999199999,4.28
15076411,7.0,6.0,2.0,0.0,3.9999999994997726,17.39
15076426,7.0,21.0,2.0,0.0,4.0,14.13
15076171,6.0,6.0,4.0,0.0,3.9999984617753395,36.16
15076692,8.0,17.0,1.0,0.0,3.9999999999999982,10.07
15076001,5.0,16.0,8.0,0.0,4.235294117647059,326.44
15075876,5.0,11.0,4.0,0.0,4.0,15.37
15075986,5.0,1.0,8.0,0.0,3.8620689655172415,352.26
15077374,6.0,9.0,4.0,5.0,4.0,1328.49
15075914,5.0,19.0,5.0,0.0,4.235289898524837,86.79
15075783,5.0,8.0,1.0,0.0,6.999999999999998,11.92
15076189,6.0,24.0,4.0,0.0,4.2352926820654675,85.57
15076814,8.0,19.0,5.0,0.0,3.272722625335623,4081.71
15076381,7.0,6.0,1.0,0.0,5.999999999999997,14.41
15077410,6.0,15.0,5.0,5.0,4.0,9396.28
15077334,6.0,29.0,2.0,5.0,4.0,14.44
15077359,6.0,24.0,3.0,5.0,4.235294117647059,120.5
15076106,6.0,1.0,2.0,0.0,4.0,9.43
15077636,7.0,30.0,2.0,5.0,3.999999988038128,38.64
15076717,8.0,12.0,2.0,0.0,4.0,48.79
15076732,8.0,27.0,2.0,0.0,3.999999928000231,39.38
15076748,8.0,13.0,3.0,0.0,4.0,661.44
15076749,8.0,14.0,3.0,0.0,4.0,367.9
15075793,5.0,18.0,1.0,0.0,9.0,8.92
15076440,7.0,5.0,3.0,0.0,4.0,121.44
15077349,6.0,14.0,3.0,5.0,4.235285761522767,233.7
15077606,7.0,30.0,1.0,5.0,6.999999999999998,4.94
15077215,5.0,30.0,8.0,5.0,3.8684149603337783,5957.22
15077406,6.0,11.0,5.0,5.0,3.999993860088468,6465.52
15076812,8.0,17.0,5.0,0.0,3.0,11938.56
15077673,7.0,7.0,4.0,5.0,4.0,6556.09
15077116,5.0,21.0,5.0,5.0,4.5,192.34
15077227,5.0,12.0,9.0,5.0,4.499995081437958,14677.95
15076437,7.0,2.0,3.0,0.0,3.999999439736334,29.25
15076002,5.0,17.0,8.0,0.0,3.929819365232431,616.91
15077305,6.0,30.0,1.0,5.0,6.999999999999998,3.93
15075903,5.0,8.0,5.0,0.0,3.999999819573011,24.31
15075803,5.0,28.0,1.0,0.0,7.0,7.38
15076304,6.0,19.0,8.0,0.0,4.235278508010117,11400.58
15075861,5.0,26.0,3.0,0.0,4.0,11.42
15077005,5.0,30.0,1.0,5.0,7.0,3.63
15077665,7.0,29.0,3.0,5.0,4.0,127.69
15076734,8.0,29.0,2.0,0.0,4.0,27.94
15077920,8.0,14.0,2.0,5.0,3.999999999000365,42.22
15075863,5.0,28.0,3.0,0.0,4.0,12.82
15076719,8.0,14.0,2.0,0.0,3.9999989984450894,27.32
15077314,6.0,9.0,2.0,5.0,4.499999500549488,13.74
15077076,5.0,11.0,4.0,5.0,4.0,24.78
15077030,5.0,25.0,2.0,5.0,4.235294117647059,16.96
15076267,6.0,12.0,7.0,0.0,3.9684976141712744,13007.06
15075916,5.0,21.0,5.0,0.0,4.000000000000001,28.29
15076498,7.0,3.0,5.0,0.0,3.7058823529411766,10474.45
15075780,5.0,5.0,1.0,0.0,7.0,11.87
15077300,6.0,25.0,1.0,5.0,7.999999612217502,4.31
15077325,6.0,20.0,2.0,5.0,4.235294117647059,18.01
15076301,6.0,16.0,8.0,0.0,4.235286634309284,9406.78
15077119,5.0,24.0,5.0,5.0,4.5,71.44
15077966,8.0,30.0,3.0,5.0,3.8620689655172415,13246.85
15075826,5.0,21.0,2.0,0.0,4.0,9.68
15075897,5.0,2.0,5.0,0.0,4.235284896946821,128.2
15075912,5.0,17.0,5.0,0.0,3.9298245257762447,17.9
15077600,7.0,24.0,1.0,5.0,8.000000000000002,4.74
15076789,8.0,24.0,4.0,0.0,3.0,4431.42
15077906,8.0,30.0,1.0,5.0,6.999999999999998,9.16
15076266,6.0,11.0,7.0,0.0,3.906976744186047,2033.82
15076165,6.0,30.0,3.0,0.0,3.9999995794892906,31.05
15077341,6.0,6.0,3.0,5.0,4.0,66.82
15076244,6.0,19.0,6.0,0.0,4.2352861734362275,1736.89
15077069,5.0,4.0,4.0,5.0,4.0,20.09
15077035,5.0,30.0,2.0,5.0,3.9999999999999925,12.57
15076010,5.0,25.0,8.0,0.0,3.906970444919226,2727.96
15076136,6.0,1.0,3.0,0.0,3.9999997231896236,31.2
15076083,6.0,8.0,1.0,0.0,7.0,8.33
15076115,6.0,10.0,2.0,0.0,4.0,12.02
15077009,5.0,4.0,2.0,5.0,4.235294117123516,6.95
15076197,6.0,2.0,5.0,0.0,4.2352897398818445,418.55
15076135,6.0,30.0,2.0,0.0,4.0,10.19
15077324,6.0,19.0,2.0,5.0,4.0,5.72
15075938,5.0,13.0,6.0,0.0,4.0,163.71
15076716,8.0,11.0,2.0,0.0,3.9999999990021156,26.57
15077419,6.0,24.0,5.0,5.0,4.080964066600331,4514.68
15075859,5.0,24.0,3.0,0.0,4.235294010323247,13.74
15076014,5.0,29.0,8.0,0.0,3.9298245614035086,291.16
15076428,7.0,23.0,2.0,0.0,3.999999999166639,18.04
15077000,5.0,25.0,1.0,5.0,8.0,3.59
15077099,5.0,4.0,5.0,5.0,4.0,85.03
15077582,7.0,6.0,1.0,5.0,5.999999814842666,4.36
15077587,7.0,11.0,1.0,5.0,7.0,11.66
15076133,6.0,28.0,2.0,0.0,4.0,11.11
15077692,7.0,26.0,4.0,5.0,4.0,15784.88
15076548,7.0,23.0,6.0,0.0,3.0,8643.76
15077968,8.0,2.0,4.0,5.0,4.0,36510.96
15077175,5.0,20.0,7.0,5.0,4.5,1105.81
15077608,7.0,2.0,2.0,5.0,4.235294117647059,75.55
15077611,7.0,5.0,2.0,5.0,4.0,37.16
15076414,7.0,9.0,2.0,0.0,4.0,17.45
15076492,7.0,27.0,4.0,0.0,3.8571367587602565,800.97
15076503,7.0,8.0,5.0,0.0,3.7752808988764044,1097.71
15077299,6.0,24.0,1.0,5.0,8.0,4.15
15077241,5.0,26.0,9.0,5.0,4.499990363469131,17184.74
15075806,5.0,1.0,2.0,0.0,4.0,9.11
15077598,7.0,22.0,1.0,5.0,5.999997428766201,14.07
15077095,5.0,30.0,4.0,5.0,4.0,65.04
15077022,5.0,17.0,2.0,5.0,4.0,11.37
15076397,7.0,22.0,1.0,0.0,5.999999999999998,14.01
15075801,5.0,26.0,1.0,0.0,8.0,10.37
15076118,6.0,13.0,2.0,0.0,4.000000000000001,10.71
15076488,7.0,23.0,4.0,0.0,3.027027027027027,168.3
15075932,5.0,7.0,6.0,0.0,4.235294117647059,63.26
15077578,7.0,2.0,1.0,5.0,7.999999999999998,5.27
15076710,8.0,5.0,2.0,0.0,3.9999999984378967,51.95
15075819,5.0,14.0,2.0,0.0,4.235294117123518,10.22
15075928,5.0,3.0,6.0,0.0,3.999994411410001,1208.68
15076526,7.0,1.0,6.0,0.0,3.442622950819672,18057.74
15076477,7.0,12.0,4.0,0.0,3.272727272727273,599.83
15076194,6.0,29.0,4.0,0.0,3.9999999994999995,58.06
15076260,6.0,5.0,7.0,0.0,3.9789425655657267,26701.73
15076695,8.0,20.0,1.0,0.0,4.0,13.04
15076174,6.0,9.0,4.0,0.0,4.499991145522067,162.92
15076100,6.0,25.0,1.0,0.0,7.0,8.43
15076221,6.0,26.0,5.0,0.0,3.999991069182129,596.8
15076761,8.0,26.0,3.0,0.0,4.0,317.12
15077963,8.0,27.0,3.0,5.0,4.0,12901.83
15076145,6.0,10.0,3.0,0.0,4.0,32.31
15076744,8.0,9.0,3.0,0.0,4.0,260.04
15076539,7.0,14.0,6.0,0.0,3.72544878563886,11940.09
15076795,8.0,30.0,4.0,0.0,3.0,9328.5
15077607,7.0,1.0,2.0,5.0,4.0,26.96
15076278,6.0,23.0,7.0,0.0,3.7333231537964147,1623.38
15076502,7.0,7.0,5.0,0.0,3.9999839003105624,12921.54
15076986,5.0,11.0,1.0,5.0,7.0,9.89
15076060,5.0,15.0,10.0,0.0,3.8505942275042444,16632.95
15077401,6.0,6.0,5.0,5.0,3.857142857142857,21143.52
15076993,5.0,18.0,1.0,5.0,9.0,9.64
15077059,5.0,24.0,3.0,5.0,4.499999999449999,13.48
15077112,5.0,17.0,5.0,5.0,4.0,110.23
15077158,5.0,3.0,7.0,5.0,3.984189723320158,3598.18
15077604,7.0,28.0,1.0,5.0,5.9999998222222235,5.6
15075817,5.0,12.0,2.0,0.0,4.235294117647059,8.97
15077914,8.0,8.0,2.0,5.0,4.0,36.75
15075930,5.0,5.0,6.0,0.0,4.0,92.11
15077591,7.0,15.0,1.0,5.0,7.0,4.59
15077641,7.0,5.0,3.0,5.0,4.0,1071.85
15077126,5.0,1.0,6.0,5.0,4.0,2004.88
15077109,5.0,14.0,5.0,5.0,3.999999999999999,61.31
15077124,5.0,29.0,5.0,5.0,4.0,70.28
15077886,8.0,10.0,1.0,5.0,5.999999999999998,5.57
15075969,5.0,14.0,7.0,0.0,4.235289527640535,148.04
15075910,5.0,15.0,5.0,0.0,4.0,46.83
15077121,5.0,26.0,5.0,5.0,4.5,182.36
15077308,6.0,3.0,2.0,5.0,3.999999999999828,13.53
15077090,5.0,25.0,4.0,5.0,4.0,86.66
15076021,5.0,6.0,9.0,0.0,3.8918918918918917,425.11
15076707,8.0,2.0,2.0,0.0,3.999999999499999,23.04
15077418,6.0,23.0,5.0,5.0,3.999990152749987,13277.68
15076027,5.0,12.0,9.0,0.0,4.08096288041141,11376.06
15077272,5.0,27.0,10.0,5.0,4.499992978632667,16031.86
15076472,7.0,7.0,4.0,0.0,4.0,241.9
15076153,6.0,18.0,3.0,0.0,4.499999998350283,38.77
15075833,5.0,28.0,2.0,0.0,4.0,9.69
15076699,8.0,24.0,1.0,0.0,4.0,9.96
15077926,8.0,20.0,2.0,5.0,4.235294117647059,452.19
15076112,6.0,7.0,2.0,0.0,4.235293853529862,14.29
15077930,8.0,24.0,2.0,5.0,4.0,206.35
15077157,5.0,2.0,7.0,5.0,4.235294117647059,247.47
15076399,7.0,24.0,1.0,0.0,6.0,14.53
15077361,6.0,26.0,3.0,5.0,4.235294117647059,208.3
15077412,6.0,17.0,5.0,5.0,3.862063833353115,6709.8
15076240,6.0,15.0,6.0,0.0,3.7058823529411766,6189.35
15077050,5.0,15.0,3.0,5.0,4.235293019606745,15.94
15076544,7.0,19.0,6.0,0.0,3.529411764705882,7655.54
15076287,6.0,2.0,8.0,0.0,4.235283643427191,16310.07
15077224,5.0,9.0,9.0,5.0,4.0,18538.57
15076484,7.0,19.0,4.0,0.0,3.857142857142857,118.1
15076264,6.0,9.0,7.0,0.0,4.499991001642518,10867.8
15077304,6.0,29.0,1.0,5.0,6.999999261529415,4.28
15076119,6.0,14.0,2.0,0.0,4.235294117123528,17.32
15077634,7.0,28.0,2.0,5.0,3.999999999999999,27.4
15077596,7.0,20.0,1.0,5.0,7.999999999999998,10.28
15076999,5.0,24.0,1.0,5.0,9.0,3.93
15077040,5.0,5.0,3.0,5.0,4.0,12.11
15077129,5.0,4.0,6.0,5.0,4.0,133.97
15076198,6.0,3.0,5.0,0.0,3.984189723320158,1402.17
15077292,6.0,17.0,1.0,5.0,6.999999999999998,4.28
15077223,5.0,8.0,9.0,5.0,4.499980721831416,25428.05
15076410,7.0,5.0,2.0,0.0,4.0,20.44
15076417,7.0,12.0,2.0,0.0,4.0,21.25
15076421,7.0,16.0,2.0,0.0,4.0,18.33
15077017,5.0,12.0,2.0,5.0,4.499999500549461,6.33
15076751,8.0,16.0,3.0,0.0,4.0,615.54
15076407,7.0,2.0,2.0,0.0,4.0,16.95
15076065,5.0,20.0,10.0,0.0,4.235287995133612,1385.3
15077912,8.0,6.0,2.0,5.0,3.9999999984995753,103.69
15076730,8.0,25.0,2.0,0.0,3.99999294591929,136.6
15077134,5.0,9.0,6.0,5.0,4.0,517.69
15076305,6.0,20.0,8.0,0.0,4.2352755606971035,17164.14
15075785,5.0,10.0,1.0,0.0,6.999999999999998,11.92
15076230,6.0,5.0,6.0,0.0,3.9789473684210526,1800.07
15076069,5.0,24.0,10.0,0.0,4.235294117647059,375.82
15077291,6.0,16.0,1.0,5.0,6.999999999999998,4.09
15077675,7.0,9.0,4.0,5.0,4.0,12349.63
15075901,5.0,6.0,5.0,0.0,3.999999999499999,27.55
15076311,6.0,26.0,8.0,0.0,3.789469587034164,11997.61
15077091,5.0,26.0,4.0,5.0,4.5,74.4
15077609,7.0,3.0,2.0,5.0,3.9999999999996105,20.38
15077654,7.0,18.0,3.0,5.0,4.499990556944891,754.34
15075799,5.0,24.0,1.0,0.0,7.999999999999998,9.7
15077151,5.0,26.0,6.0,5.0,4.499992249964451,243.97
15076005,5.0,20.0,8.0,0.0,4.235294117647059,325.34
15076095,6.0,20.0,1.0,0.0,7.9999977105864435,8.22
15076756,8.0,21.0,3.0,0.0,4.0,210.53
15076347,6.0,2.0,10.0,0.0,4.235253507492901,40538.93
15076465,7.0,30.0,3.0,0.0,4.0,244.57
15077277,6.0,2.0,1.0,5.0,7.999999999999998,4.03
15076236,6.0,11.0,6.0,0.0,3.9298245614035086,1715.78
15076998,5.0,23.0,1.0,5.0,7.999996975845936,3.54
15077899,8.0,23.0,1.0,5.0,6.999999999996751,13.82
15076124,6.0,19.0,2.0,0.0,4.235293887981189,13.3
15076148,6.0,13.0,3.0,0.0,4.0,25.3
15075836,5.0,1.0,3.0,0.0,4.0,11.48
15075909,5.0,14.0,5.0,0.0,4.235293587154046,29.18
15077889,8.0,13.0,1.0,5.0,6.999999236759069,13.19
15077073,5.0,8.0,4.0,5.0,4.5,86.71
15077173,5.0,18.0,7.0,5.0,4.5,695.98
15077346,6.0,11.0,3.0,5.0,4.0,28.83
15076487,7.0,22.0,4.0,0.0,3.7058823529411766,771.4
15076063,5.0,18.0,10.0,0.0,4.5,880.58
15077919,8.0,13.0,2.0,5.0,4.0,64.61
15077907,8.0,1.0,2.0,5.0,3.999999999000062,95.98
15077201,5.0,16.0,8.0,5.0,3.984189723320158,10973.49
15077663,7.0,27.0,3.0,5.0,4.499960508903928,4872.48
15076509,7.0,14.0,5.0,0.0,3.9841897233201586,5405.92
15077296,6.0,21.0,1.0,5.0,7.999996089956833,3.89
15077061,5.0,26.0,3.0,5.0,4.499999500549498,17.18
15076457,7.0,22.0,3.0,0.0,4.0,110.05
15077138,5.0,13.0,6.0,5.0,4.0,275.83
15077362,6.0,27.0,3.0,5.0,4.499993572425404,137.91
15077661,7.0,25.0,3.0,5.0,4.0,1586.08
15076170,6.0,5.0,4.0,0.0,4.0,81.43
15076700,8.0,25.0,1.0,0.0,3.999999999999998,9.47
15076258,6.0,3.0,7.0,0.0,3.9789427501736436,36405.2
15075867,5.0,2.0,4.0,0.0,4.235294117647059,19.37
15076753,8.0,18.0,3.0,0.0,3.272727272727273,381.67
15076205,6.0,10.0,5.0,0.0,3.999990350333854,5255.91
15076091,6.0,16.0,1.0,0.0,8.0,8.79
15077650,7.0,14.0,3.0,5.0,4.235266452452569,1530.94
15075882,5.0,17.0,4.0,0.0,3.9999999999999982,12.88
15075929,5.0,4.0,6.0,0.0,4.0,81.38
15075982,5.0,27.0,7.0,0.0,4.0,333.02
15077077,5.0,12.0,4.0,5.0,4.5,34.91
15076003,5.0,18.0,8.0,0.0,4.499989053213136,247.27
15076022,5.0,7.0,9.0,0.0,4.235278647532212,1558.05
15077161,5.0,6.0,7.0,5.0,4.235294117647059,2164.94
15076377,7.0,2.0,1.0,0.0,7.999999999999998,9.0
15076226,6.0,1.0,6.0,0.0,3.86206415183742,1317.32
15077965,8.0,29.0,3.0,5.0,4.0,1067.18
15077644,7.0,8.0,3.0,5.0,4.0,208.15
15077928,8.0,22.0,2.0,5.0,3.9999999990015644,62.73
15077601,7.0,25.0,1.0,5.0,7.0,11.96
15076255,6.0,30.0,6.0,0.0,3.555555555555556,4728.71
15075832,5.0,27.0,2.0,0.0,4.499999995274953,10.76
15077212,5.0,27.0,8.0,5.0,4.5,2791.06
15077306,6.0,1.0,2.0,5.0,4.0,17.16
15076467,7.0,2.0,4.0,0.0,4.0,327.49
15076736,8.0,1.0,3.0,0.0,4.0,349.72
15077610,7.0,4.0,2.0,5.0,4.000000000003036,25.04
15077133,5.0,8.0,6.0,5.0,4.49999257249735,209.14
15076780,8.0,15.0,4.0,0.0,3.574468085106383,7863.62
15076275,6.0,20.0,7.0,0.0,4.235278947653387,6368.6
15077368,6.0,3.0,4.0,5.0,4.0,588.48
15076068,5.0,23.0,10.0,0.0,3.8888888888888893,6024.44
15077280,6.0,5.0,1.0,5.0,6.999999999999998,4.66
15077315,6.0,10.0,2.0,5.0,4.0,11.16
15076131,6.0,26.0,2.0,0.0,4.0,8.81
15077062,5.0,27.0,3.0,5.0,4.500000000000006,21.58
15077149,5.0,24.0,6.0,5.0,4.5,407.53
15077957,8.0,21.0,3.0,5.0,4.0,1261.27
15076080,6.0,5.0,1.0,0.0,6.999999999199999,8.14
15075795,5.0,20.0,1.0,0.0,7.999999999999998,8.08
15076446,7.0,11.0,3.0,0.0,3.999999999333504,47.26
15076225,6.0,30.0,5.0,0.0,3.6923076923076925,490.79
15077328,6.0,23.0,2.0,5.0,4.235293853529882,12.96
15077085,5.0,20.0,4.0,5.0,4.499999997253825,49.31
15076788,8.0,23.0,4.0,0.0,2.88,3121.86
15077653,7.0,17.0,3.0,5.0,4.0,291.4
15077023,5.0,18.0,2.0,5.0,4.5,13.74
15076284,6.0,29.0,7.0,0.0,3.888888888888889,14021.25
15076009,5.0,24.0,8.0,0.0,4.235294117647059,192.75
15077947,8.0,11.0,3.0,5.0,4.0,1089.54
15075898,5.0,3.0,5.0,0.0,4.0,137.66
15077206,5.0,21.0,8.0,5.0,4.5,11255.35
15076078,6.0,3.0,1.0,0.0,7.0,9.08
15076741,8.0,6.0,3.0,0.0,4.0,474.08
15076740,8.0,5.0,3.0,0.0,4.0,616.83
15076249,6.0,24.0,6.0,0.0,4.235273991985051,1541.66
15075939,5.0,14.0,6.0,0.0,4.235291595263262,61.66
15076518,7.0,23.0,5.0,0.0,3.0,920.06
15076203,6.0,8.0,5.0,0.0,3.9841897233201586,130.17
15077602,7.0,26.0,1.0,5.0,7.999995457735243,4.48
15076038,5.0,23.0,9.0,0.0,3.8888838804722523,25261.92
15077105,5.0,10.0,5.0,5.0,4.000000000000001,116.29
15076066,5.0,21.0,10.0,0.0,3.984189723320158,6732.12
15076483,7.0,18.0,4.0,0.0,3.9999934737058984,931.58
15076098,6.0,23.0,1.0,0.0,6.999999999199999,8.44
15076445,7.0,10.0,3.0,0.0,4.0,227.12
15075935,5.0,10.0,6.0,0.0,4.0,118.42
15077182,5.0,27.0,7.0,5.0,4.499993824927473,505.46
15077902,8.0,26.0,1.0,5.0,7.999995378108456,11.9
15076048,5.0,3.0,10.0,0.0,3.984189723320158,41881.02
15076077,6.0,2.0,1.0,0.0,8.0,8.8
15077178,5.0,23.0,7.0,5.0,4.235288485748243,1602.81
15076107,6.0,2.0,2.0,0.0,4.235294117123528,14.17
15075995,5.0,10.0,8.0,0.0,3.989439427638369,13851.28
15077593,7.0,17.0,1.0,5.0,6.999996277022463,13.9
15077123,5.0,28.0,5.0,5.0,4.0,347.59
15077025,5.0,20.0,2.0,5.0,4.5,15.89
15077939,8.0,3.0,3.0,5.0,3.9999943820407706,2488.67
15077943,8.0,7.0,3.0,5.0,4.0,1524.99
15075905,5.0,10.0,5.0,0.0,4.0,77.78
15076273,6.0,18.0,7.0,0.0,4.499985783098209,4839.28
15075880,5.0,15.0,4.0,0.0,3.9999995931020726,16.91
15076208,6.0,13.0,5.0,0.0,3.999989585993414,3919.04
15077066,5.0,1.0,4.0,5.0,3.999999601887323,44.23
15076139,6.0,4.0,3.0,0.0,3.9999997097701367,14.54
15076110,6.0,5.0,2.0,0.0,4.0,8.72
15077276,6.0,1.0,1.0,5.0,7.0,5.31
15076215,6.0,20.0,5.0,0.0,4.235294117647059,285.74
15076680,8.0,5.0,1.0,0.0,3.999999999999998,14.84
15077388,6.0,23.0,4.0,5.0,4.0,888.04
15076469,7.0,4.0,4.0,0.0,3.999986092293742,455.51
15075973,5.0,18.0,7.0,0.0,4.5,100.08
15076551,7.0,26.0,6.0,0.0,3.5294117647058822,18397.66
15077301,6.0,26.0,1.0,5.0,7.999999999999998,4.63
15076368,6.0,23.0,10.0,0.0,3.733329241709833,5486.86
15076455,7.0,20.0,3.0,0.0,4.0,312.99
15075802,5.0,27.0,1.0,0.0,9.0,8.88
15076540,7.0,15.0,6.0,0.0,3.4285714285714284,3233.1
15076222,6.0,27.0,5.0,0.0,3.857142857142857,850.75
15077584,7.0,8.0,1.0,5.0,7.0,4.78
15077008,5.0,3.0,2.0,5.0,4.0,5.52
15076084,6.0,9.0,1.0,0.0,9.0,8.33
15077316,6.0,11.0,2.0,5.0,4.0,7.14
15076286,6.0,1.0,8.0,0.0,3.8181749189130603,26510.16
15077985,8.0,19.0,4.0,5.0,3.6923076923076925,7014.94
15076231,6.0,6.0,6.0,0.0,3.8571428571428568,526.36
15075844,5.0,9.0,3.0,0.0,4.499999500549461,14.02
15077671,7.0,5.0,4.0,5.0,3.9999921095619566,37860.88
15076462,7.0,27.0,3.0,0.0,4.000000000000001,100.56
15077132,5.0,7.0,6.0,5.0,4.0,453.07
15076824,8.0,29.0,5.0,0.0,3.36,38391.28
15077938,8.0,2.0,3.0,5.0,4.0,307.96
15076008,5.0,23.0,8.0,0.0,3.888884263372863,1216.96
15077004,5.0,29.0,1.0,5.0,6.999997888508889,3.67
15076767,8.0,2.0,4.0,0.0,3.428571428571429,1368.76
15077122,5.0,27.0,5.0,5.0,4.5,94.6
15077068,5.0,3.0,4.0,5.0,3.9999999999999996,32.92
15077897,8.0,21.0,1.0,5.0,7.999999999999997,12.53
15077047,5.0,12.0,3.0,5.0,4.4999998706623785,14.08
15076531,7.0,6.0,6.0,0.0,3.483864085273147,30593.35
15076217,6.0,22.0,5.0,0.0,3.775276179023306,630.48
15076187,6.0,22.0,4.0,0.0,4.0,133.68
15076982,5.0,7.0,1.0,5.0,6.0,9.32
15077950,8.0,14.0,3.0,5.0,4.0,943.83
15076504,7.0,9.0,5.0,0.0,3.984189723320158,25968.32
15077286,6.0,11.0,1.0,5.0,6.999999999999998,12.65
15077393,6.0,28.0,4.0,5.0,3.999994399714296,2291.33
15077092,5.0,27.0,4.0,5.0,4.499999500247111,42.07
15077414,6.0,19.0,5.0,5.0,3.857142857142857,936.17
15077086,5.0,21.0,4.0,5.0,4.499995001649161,79.55
15077202,5.0,17.0,8.0,5.0,3.8684139657004932,11100.4
15075825,5.0,20.0,2.0,0.0,4.235294117647059,9.89
15077658,7.0,22.0,3.0,5.0,4.0,210.68
15077106,5.0,11.0,5.0,5.0,3.9999999979999954,72.33
15075788,5.0,13.0,1.0,0.0,7.0,9.69
15076425,7.0,20.0,2.0,0.0,4.0,27.67
15076714,8.0,9.0,2.0,0.0,3.999999999000006,38.68
15076394,7.0,19.0,1.0,0.0,5.999999999999989,14.4
15077910,8.0,4.0,2.0,5.0,3.9999999990001243,53.94
15076250,6.0,25.0,6.0,0.0,3.8620611005392105,1878.35
15077597,7.0,21.0,1.0,5.0,8.0,4.55
15076296,6.0,11.0,8.0,0.0,3.906976744186047,5406.68
15076395,7.0,20.0,1.0,0.0,7.0,14.75
15075967,5.0,12.0,7.0,0.0,4.080965018257119,329.61
15076116,6.0,11.0,2.0,0.0,4.0,10.71
15076288,6.0,3.0,8.0,0.0,3.968503937007874,18372.41
15076011,5.0,26.0,8.0,0.0,3.951219512195122,691.34
15075874,5.0,9.0,4.0,0.0,4.4999995005494995,28.7
15075945,5.0,20.0,6.0,0.0,4.235294117647059,62.62
15075834,5.0,29.0,2.0,0.0,3.9999999999998233,9.84
15075848,5.0,13.0,3.0,0.0,4.0,12.07
15075831,5.0,26.0,2.0,0.0,4.235294117123335,11.27
15076704,8.0,29.0,1.0,0.0,4.0,13.35
15075790,5.0,15.0,1.0,0.0,5.999999999999997,9.73
15076398,7.0,23.0,1.0,0.0,7.0,14.28
15075857,5.0,22.0,3.0,0.0,4.0,11.11
15077082,5.0,17.0,4.0,5.0,4.0,32.02
15076302,6.0,17.0,8.0,0.0,3.906968407219882,29576.01
15076269,6.0,14.0,7.0,0.0,4.235285577358936,4888.93
15075889,5.0,24.0,4.0,0.0,4.2352937647055295,23.39
15077169,5.0,14.0,7.0,5.0,4.0,1664.2
15076441,7.0,6.0,3.0,0.0,4.0,104.2
15076046,5.0,1.0,10.0,0.0,3.8620643314123404,5588.28
15075979,5.0,24.0,7.0,0.0,4.235294117647059,153.52
15076191,6.0,26.0,4.0,0.0,4.0,73.63
15077677,7.0,11.0,4.0,5.0,4.0,6282.14
15075993,5.0,8.0,8.0,0.0,3.9873417721518982,555.25
15076379,7.0,4.0,1.0,0.0,6.0,8.94
15076713,8.0,8.0,2.0,0.0,4.0,26.74
15076384,7.0,9.0,1.0,0.0,6.999999999199999,14.02
15075846,5.0,11.0,3.0,0.0,4.0,11.32
15076029,5.0,14.0,9.0,0.0,4.235286887872103,702.88
15077409,6.0,14.0,5.0,5.0,3.99999396413083,16372.27
15075787,5.0,12.0,1.0,0.0,8.0,9.69
15077233,5.0,18.0,9.0,5.0,4.4999945114676025,3449.9
15076992,5.0,17.0,1.0,5.0,6.999999999999998,8.86
15076043,5.0,28.0,9.0,0.0,3.943655880934801,24811.14
15077382,6.0,17.0,4.0,5.0,4.0,421.05
15077228,5.0,13.0,9.0,5.0,3.9894400325251103,39033.65
15076476,7.0,11.0,4.0,0.0,4.0,676.09
15077193,5.0,8.0,8.0,5.0,4.499986499452357,8353.62
15077338,6.0,3.0,3.0,5.0,3.999999442440282,42.43
15077953,8.0,17.0,3.0,5.0,3.9999954386919034,2562.1
15077635,7.0,29.0,2.0,5.0,4.0,14.32
15077127,5.0,2.0,6.0,5.0,4.235294117647059,927.31
15077142,5.0,17.0,6.0,5.0,3.9298245614035086,264.74
15076402,7.0,27.0,1.0,0.0,5.999999999999997,14.15
15077981,8.0,15.0,4.0,5.0,3.857142857142857,18608.92
15076679,8.0,4.0,1.0,0.0,3.999999999999997,16.83
15076536,7.0,11.0,6.0,0.0,3.5999999999999996,15464.17
15076984,5.0,9.0,1.0,5.0,8.999998842975206,10.28
15077247,5.0,2.0,10.0,5.0,4.235294117647059,7062.62
15075798,5.0,23.0,1.0,0.0,6.999999999999998,9.6
15076747,8.0,12.0,3.0,0.0,3.0,207.84
15077323,6.0,18.0,2.0,5.0,4.5,15.36
15077214,5.0,29.0,8.0,5.0,3.943661971830986,1649.57
15076164,6.0,29.0,3.0,0.0,4.000000000000001,15.71
15077070,5.0,5.0,4.0,5.0,4.0,57.4
15077883,8.0,7.0,1.0,5.0,5.999997246936225,7.42
15075957,5.0,2.0,7.0,0.0,4.235288245136679,139.61
15077983,8.0,17.0,4.0,5.0,3.574468085106383,22993.57
15076510,7.0,15.0,5.0,0.0,3.5744638489402845,3956.57
15077084,5.0,19.0,4.0,5.0,3.999999999999999,17.77
15077007,5.0,2.0,2.0,5.0,4.235294117647059,8.91
15076419,7.0,14.0,2.0,0.0,4.0,13.4
15076418,7.0,13.0,2.0,0.0,4.0,17.07
15077024,5.0,19.0,2.0,5.0,4.235293908961804,13.43
15076405,7.0,30.0,1.0,0.0,5.999999999999998,13.56
15076528,7.0,3.0,6.0,0.0,3.5195530726256985,7306.71
15076406,7.0,1.0,2.0,0.0,4.0,18.44
15077137,5.0,12.0,6.0,5.0,4.5,321.37
15076028,5.0,13.0,9.0,0.0,3.988484331152323,17603.31
15076711,8.0,6.0,2.0,0.0,4.0,34.32
15077326,6.0,21.0,2.0,5.0,4.2352938535298685,13.91
15076121,6.0,16.0,2.0,0.0,4.235294117647059,13.85
15077003,5.0,28.0,1.0,5.0,5.999999999999998,3.57
15075881,5.0,16.0,4.0,0.0,4.235294117647059,22.01
15075896,5.0,1.0,5.0,0.0,4.0,21.72
15077103,5.0,8.0,5.0,5.0,4.5,163.6
15077167,5.0,12.0,7.0,5.0,4.499992287365701,1200.09
15075849,5.0,14.0,3.0,0.0,4.235294116011049,16.18
15076702,8.0,27.0,1.0,0.0,3.9999999999999973,14.09
15077933,8.0,27.0,2.0,5.0,4.5,495.04
15075884,5.0,19.0,4.0,0.0,4.235294117647059,17.09
15076339,6.0,24.0,9.0,0.0,4.235275507797508,24725.67
15077140,5.0,15.0,6.0,5.0,4.235288734946534,932.86
15077617,7.0,11.0,2.0,5.0,3.999999999999167,16.15
15077234,5.0,19.0,9.0,5.0,3.84732824427481,2488.33
15076292,6.0,7.0,8.0,0.0,4.23527576200633,21001.21
15076219,6.0,24.0,5.0,0.0,4.235287801985385,241.7
15075809,5.0,4.0,2.0,0.0,4.0,8.69
15077348,6.0,13.0,3.0,5.0,4.0,63.76
15075985,5.0,30.0,7.0,0.0,3.9183673469387754,7192.22
15077680,7.0,14.0,4.0,5.0,4.0,4335.44
15076439,7.0,4.0,3.0,0.0,3.9999993522727264,40.75
15077887,8.0,11.0,1.0,5.0,5.99999877770115,5.65
15077638,7.0,2.0,3.0,5.0,4.235286888963632,1382.17
15076496,7.0,1.0,5.0,0.0,3.574468085106383,1971.91
15077194,5.0,9.0,8.0,5.0,4.0,6242.78
15075830,5.0,25.0,2.0,0.0,4.0,9.71
15075879,5.0,14.0,4.0,0.0,4.235293121107191,28.66
15077948,8.0,12.0,3.0,5.0,4.0,3171.41
15076769,8.0,4.0,4.0,0.0,3.7894736842105265,5738.03
15077646,7.0,10.0,3.0,5.0,4.0,415.19
15077890,8.0,14.0,1.0,5.0,6.0,11.88
15075984,5.0,29.0,7.0,0.0,3.9298245614035086,278.28
15077909,8.0,3.0,2.0,5.0,3.9999999990000497,110.44
15076188,6.0,23.0,4.0,0.0,3.733332085796382,43.41
15076772,8.0,7.0,4.0,0.0,3.9999825401947136,4404.37
15077034,5.0,29.0,2.0,5.0,4.0,6.67
15076263,6.0,8.0,7.0,0.0,3.9789473684210526,808.51
15076495,7.0,30.0,4.0,0.0,3.6923038175112577,2299.47
15077911,8.0,5.0,2.0,5.0,3.999999999000045,117.27
15077941,8.0,5.0,3.0,5.0,4.0,10023.9
15077620,7.0,14.0,2.0,5.0,4.235289972900447,40.64
15077001,5.0,26.0,1.0,5.0,8.999998846153847,3.81
15075808,5.0,3.0,2.0,0.0,4.0,9.69
15076380,7.0,5.0,1.0,0.0,6.999999999999998,15.42
15075924,5.0,29.0,5.0,0.0,3.999999998839358,22.6
15077094,5.0,29.0,4.0,5.0,4.0,22.67
15077060,5.0,25.0,3.0,5.0,4.0,13.34
15077915,8.0,9.0,2.0,5.0,4.0,102.92
15076179,6.0,14.0,4.0,0.0,4.235279416494118,210.54
15076786,8.0,21.0,4.0,0.0,3.9999848075808377,16897.05
15076689,8.0,14.0,1.0,0.0,3.9999999999999982,9.71
15077605,7.0,29.0,1.0,5.0,6.999997740655358,5.92
15076511,7.0,16.0,5.0,0.0,3.9069767441860472,6351.08
15077213,5.0,28.0,8.0,5.0,3.9069712643871912,18513.73
15076012,5.0,27.0,8.0,0.0,3.999994992652896,1138.06
15077350,6.0,15.0,3.0,5.0,4.0,24.83
15075955,5.0,30.0,6.0,0.0,3.9999838708553965,7447.85
15075983,5.0,28.0,7.0,0.0,3.9999885200696927,4914.58
15076408,7.0,3.0,2.0,0.0,4.0,19.55
15076725,8.0,20.0,2.0,0.0,3.999997479431138,91.73
15077878,8.0,2.0,1.0,5.0,7.999999632183909,13.5
15077131,5.0,6.0,6.0,5.0,4.235294117647059,610.8
15077614,7.0,8.0,2.0,5.0,4.0,14.69
15075959,5.0,4.0,7.0,0.0,3.9298245614035086,1454.08
15077360,6.0,25.0,3.0,5.0,4.0,113.72
15076392,7.0,17.0,1.0,0.0,6.999999999999998,14.5
15077627,7.0,21.0,2.0,5.0,4.23529038845805,31.64
15076344,6.0,29.0,9.0,0.0,3.862068965517241,13403.24
15076976,5.0,1.0,1.0,5.0,6.9999976891137905,9.72
15075942,5.0,17.0,6.0,0.0,3.9298233157893616,32.19
15077145,5.0,20.0,6.0,5.0,4.5,301.64
15076506,7.0,11.0,5.0,0.0,3.7894736842105265,7864.17
15076703,8.0,28.0,1.0,0.0,4.0,14.96
15076685,8.0,10.0,1.0,0.0,3.999999559891507,13.24
15076306,6.0,21.0,8.0,0.0,3.9789414228678184,12153.11
15077313,6.0,8.0,2.0,5.0,4.0,7.02
15077630,7.0,24.0,2.0,5.0,4.235294096482819,41.28
15076517,7.0,22.0,5.0,0.0,3.5,9537.11
15076082,6.0,7.0,1.0,0.0,7.999999999999998,8.35
15076378,7.0,3.0,1.0,0.0,6.0,9.01
15075899,5.0,4.0,5.0,0.0,4.000000000000001,27.88
15076490,7.0,25.0,4.0,0.0,3.272727272727273,887.77
15077922,8.0,16.0,2.0,5.0,4.0,124.37
15076708,8.0,3.0,2.0,0.0,3.9999992062499423,40.76
15076223,6.0,28.0,5.0,0.0,3.9999937583429914,2186.97
15076746,8.0,11.0,3.0,0.0,4.0,287.45
15075784,5.0,9.0,1.0,0.0,9.0,11.93
15077135,5.0,10.0,6.0,5.0,4.0,288.61
15076032,5.0,17.0,9.0,0.0,3.929819728988616,17291.74
15077150,5.0,25.0,6.0,5.0,4.0,833.59
15075997,5.0,12.0,8.0,0.0,4.080965514407795,955.42
15077332,6.0,27.0,2.0,5.0,4.5,24.36
15077945,8.0,9.0,3.0,5.0,4.0,3764.74
15076684,8.0,9.0,1.0,0.0,3.9999999999999973,9.9
15076396,7.0,21.0,1.0,0.0,6.0,13.36
15077648,7.0,12.0,3.0,5.0,4.499991201683157,506.78
15076512,7.0,17.0,5.0,0.0,3.428571428571429,1123.23
15076995,5.0,20.0,1.0,5.0,9.0,9.72
15076400,7.0,25.0,1.0,0.0,5.999999999999998,14.53
15077067,5.0,2.0,4.0,5.0,4.23529363222795,38.5
15076117,6.0,12.0,2.0,0.0,4.0,10.72
15077321,6.0,16.0,2.0,5.0,4.0,16.78
15075875,5.0,10.0,4.0,0.0,3.9999999999999996,34.74
15076686,8.0,11.0,1.0,0.0,3.9999999999999982,14.0
15076114,6.0,9.0,2.0,0.0,4.5,12.02
15077204,5.0,19.0,8.0,5.0,3.84732824427481,442.57
15077898,8.0,22.0,1.0,5.0,5.999999049428293,16.07
15076990,5.0,15.0,1.0,5.0,8.0,9.98
15076979,5.0,4.0,1.0,5.0,7.000000000000001,9.82
15077924,8.0,18.0,2.0,5.0,4.235294117647059,143.62
15077288,6.0,13.0,1.0,5.0,7.0,3.72
15077379,6.0,14.0,4.0,5.0,3.999999999999999,385.75
15077021,5.0,16.0,2.0,5.0,4.235294117647059,12.85
15076163,6.0,28.0,3.0,0.0,4.0,25.54
15076705,8.0,30.0,1.0,0.0,4.0,13.7
15075856,5.0,21.0,3.0,0.0,4.0,12.33
15077631,7.0,25.0,2.0,5.0,3.999999998999998,35.32
15076152,6.0,17.0,3.0,0.0,4.0,16.24
15076169,6.0,4.0,4.0,0.0,3.999999999381008,33.86
15076750,8.0,15.0,3.0,0.0,4.000000000000001,364.04
15075972,5.0,17.0,7.0,0.0,3.9298245614035086,174.91
15076987,5.0,12.0,1.0,5.0,9.0,9.34
15076424,7.0,19.0,2.0,0.0,4.0,13.24
15077107,5.0,12.0,5.0,5.0,4.5,356.87
15076160,6.0,25.0,3.0,0.0,3.999998389738643,39.42
15076778,8.0,13.0,4.0,0.0,3.4838709677419355,19013.26
15077310,6.0,5.0,2.0,5.0,4.0,11.63
15077198,5.0,13.0,8.0,5.0,3.999991838979374,41467.15
15077961,8.0,25.0,3.0,5.0,3.999993083875808,4893.34
15077690,7.0,24.0,4.0,5.0,4.0809668610762975,14368.42
15077110,5.0,15.0,5.0,5.0,4.235285594333577,638.46
15077949,8.0,13.0,3.0,5.0,4.0,8974.5
15077396,6.0,1.0,5.0,5.0,3.9999884401379404,34098.95
15077688,7.0,22.0,4.0,5.0,3.999986624145338,27385.82
15076159,6.0,24.0,3.0,0.0,4.2352938092755075,34.2
15076754,8.0,19.0,3.0,0.0,4.0,199.97
15076383,7.0,8.0,1.0,0.0,5.9999999999999885,13.87
15077309,6.0,4.0,2.0,5.0,4.0,10.71
15075885,5.0,20.0,4.0,0.0,4.235294117647059,17.65
15076696,8.0,21.0,1.0,0.0,3.9999991866722464,14.48
15076251,6.0,26.0,6.0,0.0,3.84,5471.33
15077172,5.0,17.0,7.0,5.0,3.868421052631579,724.59
15077397,6.0,2.0,5.0,5.0,4.235285198611941,12280.02
15077357,6.0,22.0,3.0,5.0,4.0,63.94
15076791,8.0,26.0,4.0,0.0,3.2727272727272725,4886.0
15076436,7.0,1.0,3.0,0.0,4.0,42.16
15077925,8.0,19.0,2.0,5.0,4.0,32.86
15075958,5.0,3.0,7.0,0.0,3.9873417721518987,1208.4
15076981,5.0,6.0,1.0,5.0,7.999999999999998,9.75
15076501,7.0,6.0,5.0,0.0,3.483870967741935,2614.79
15077045,5.0,10.0,3.0,5.0,4.0,13.34
15077444,6.0,19.0,6.0,5.0,3.8571366212654845,6582.66
15075823,5.0,18.0,2.0,0.0,4.4999999674910045,10.32
15077386,6.0,21.0,4.0,5.0,4.080964112486704,1139.45
15076090,6.0,15.0,1.0,0.0,5.999999999999997,8.77
15077366,6.0,1.0,4.0,5.0,4.0,838.69
15076182,6.0,17.0,4.0,0.0,3.906976705760501,55.4
15076335,6.0,20.0,9.0,0.0,4.235280715017553,30077.8
15076041,5.0,26.0,9.0,0.0,3.9512133854599223,39867.81
15076042,5.0,27.0,9.0,0.0,4.0,2579.4
15076293,6.0,8.0,8.0,0.0,3.978947368421053,6827.43
15076453,7.0,18.0,3.0,0.0,4.0,146.79
15077006,5.0,1.0,2.0,5.0,4.0,6.33
15076015,5.0,30.0,8.0,0.0,3.9183673469387754,11917.4
15077159,5.0,4.0,7.0,5.0,3.999999999999999,1158.49
15077940,8.0,4.0,3.0,5.0,4.0,1179.22
15076500,7.0,5.0,5.0,0.0,3.8620689655172415,17765.17
15077052,5.0,17.0,3.0,5.0,4.0,12.17
15075781,5.0,6.0,1.0,0.0,5.999999999999997,11.87
15077383,6.0,18.0,4.0,5.0,4.363636363636364,3748.5
15076246,6.0,21.0,6.0,0.0,3.987341772151898,19451.44
15077942,8.0,6.0,3.0,5.0,3.789473684210526,9121.04
15077075,5.0,10.0,4.0,5.0,4.0,32.72
15077936,8.0,30.0,2.0,5.0,4.0,161.58
15077031,5.0,26.0,2.0,5.0,4.500000000000001,14.07
15077342,6.0,7.0,3.0,5.0,4.0,33.32
15077191,5.0,6.0,8.0,5.0,4.2352855633857205,7229.89
15076199,6.0,4.0,5.0,0.0,3.891891891891892,407.18
15076787,8.0,22.0,4.0,0.0,3.2727272727272725,5068.65
15077623,7.0,17.0,2.0,5.0,4.0,34.26
15077615,7.0,9.0,2.0,5.0,4.499999528327761,48.72
15075913,5.0,18.0,5.0,0.0,4.49999999671756,31.73
15076549,7.0,24.0,6.0,0.0,3.0,26556.74
15076245,6.0,20.0,6.0,0.0,4.235286601664468,743.05
15075904,5.0,9.0,5.0,0.0,4.49999909999959,50.06
15075860,5.0,25.0,3.0,0.0,3.999999896082539,12.81
15076452,7.0,17.0,3.0,0.0,3.9999993888866694,70.86
15076765,8.0,30.0,3.0,0.0,3.2,372.92
15077964,8.0,28.0,3.0,5.0,3.9999921616328167,11246.17
15076420,7.0,15.0,2.0,0.0,4.0,12.1
15077628,7.0,22.0,2.0,5.0,4.0,15.89
15076409,7.0,4.0,2.0,0.0,4.0,12.69
15076471,7.0,6.0,4.0,0.0,3.857138513472134,615.81
15075971,5.0,16.0,7.0,0.0,4.235294117647059,359.98
15076727,8.0,22.0,2.0,0.0,3.9999999990003774,38.26
15076128,6.0,23.0,2.0,0.0,3.9999999994999995,10.85
15075810,5.0,5.0,2.0,0.0,4.0,8.69
15076386,7.0,11.0,1.0,0.0,5.999999999999998,13.56
15076494,7.0,29.0,4.0,0.0,3.9999899198745896,1260.2
15076127,6.0,22.0,2.0,0.0,4.0,9.61
15076052,5.0,7.0,10.0,0.0,4.235285153435589,1349.38
15075989,5.0,4.0,8.0,0.0,3.920479509928794,3413.49
15077370,6.0,5.0,4.0,5.0,3.999994730200251,1962.84
15075835,5.0,30.0,2.0,0.0,4.0,9.23
15077184,5.0,29.0,7.0,5.0,3.999994957942677,1061.66
15076532,7.0,7.0,6.0,0.0,3.6788321167883207,40266.84
15076475,7.0,10.0,4.0,0.0,3.9999865607292655,7101.12
15077955,8.0,19.0,3.0,5.0,3.999994941401642,396.0
15075811,5.0,6.0,2.0,0.0,4.0,7.22
15077203,5.0,18.0,8.0,5.0,4.5,1046.21
15076456,7.0,21.0,3.0,0.0,4.0,33.8
15076777,8.0,12.0,4.0,0.0,3.0,7565.78
15077959,8.0,23.0,3.0,5.0,3.7333333333333334,1270.71
15077616,7.0,10.0,2.0,5.0,4.0,28.26
15077960,8.0,24.0,3.0,5.0,3.9375000000000004,10811.09
15075976,5.0,21.0,7.0,0.0,3.9999894434637713,1506.09
15076154,6.0,19.0,3.0,0.0,4.2352926221014435,35.67
15076018,5.0,3.0,9.0,0.0,3.984189723320158,3068.15
15076422,7.0,17.0,2.0,0.0,4.0,13.92
15077185,5.0,30.0,7.0,5.0,3.8684165156736463,9510.19
15076051,5.0,6.0,10.0,0.0,3.8918875122769245,5925.6
15075821,5.0,16.0,2.0,0.0,4.235294117647059,8.71
15076232,6.0,7.0,6.0,0.0,4.235284883265164,3023.39
15076097,6.0,22.0,1.0,0.0,6.0,7.57
15077011,5.0,6.0,2.0,5.0,4.235294117647059,13.52
15076737,8.0,2.0,3.0,0.0,4.0,180.3
15076282,6.0,27.0,7.0,0.0,3.789468534147031,6247.75
15075813,5.0,8.0,2.0,0.0,4.0,8.35
15075966,5.0,11.0,7.0,0.0,3.9529411764705884,553.83
15076433,7.0,28.0,2.0,0.0,4.0,13.5
15077655,7.0,19.0,3.0,5.0,3.9999999994999995,63.68
15075908,5.0,13.0,5.0,0.0,4.0,73.46
15077421,6.0,26.0,5.0,5.0,4.0,2038.68
15076200,6.0,5.0,5.0,0.0,3.9841897233201586,874.85
15077329,6.0,24.0,2.0,5.0,4.2352941171235035,14.09
15075804,5.0,29.0,1.0,0.0,6.999999999999998,9.33
15076520,7.0,25.0,5.0,0.0,3.210186747211206,9348.5
15077652,7.0,16.0,3.0,5.0,4.0,1027.04
15076216,6.0,21.0,5.0,0.0,3.9999955671262297,758.59
15077893,8.0,17.0,1.0,5.0,6.0,5.36
15076173,6.0,8.0,4.0,0.0,3.9999999999999982,30.38
15076720,8.0,15.0,2.0,0.0,4.0,24.18
15077956,8.0,20.0,3.0,5.0,4.0,1831.65
15077282,6.0,7.0,1.0,5.0,6.0,10.89
15075816,5.0,11.0,2.0,0.0,4.0,7.53
15075870,5.0,5.0,4.0,0.0,4.0,17.66
15076035,5.0,20.0,9.0,0.0,4.235287419663562,724.6
15076237,6.0,12.0,6.0,0.0,3.968498669877898,928.3
15077624,7.0,18.0,2.0,5.0,4.499999500549467,58.42
15077211,5.0,26.0,8.0,5.0,4.499986326413918,11206.54
15077894,8.0,18.0,1.0,5.0,7.999999999999997,5.44
15077618,7.0,12.0,2.0,5.0,4.499999999449999,35.42
15075900,5.0,5.0,5.0,0.0,4.000000000000005,20.01
15076254,6.0,29.0,6.0,0.0,3.9069725369409287,457.67
15077196,5.0,11.0,8.0,5.0,3.9873417721518987,32123.8
15076745,8.0,10.0,3.0,0.0,3.9999952074354885,3261.24
15077399,6.0,4.0,5.0,5.0,4.0,2749.29
15077637,7.0,1.0,3.0,5.0,4.0,347.54
15077072,5.0,7.0,4.0,5.0,4.0,32.31
15076479,7.0,14.0,4.0,0.0,4.0,262.29
15077380,6.0,15.0,4.0,5.0,4.0,286.79
15076758,8.0,23.0,3.0,0.0,3.0,163.71
15075814,5.0,9.0,2.0,0.0,4.5,8.91
15076478,7.0,13.0,4.0,0.0,3.999987288415219,4594.76
15076285,6.0,30.0,7.0,0.0,3.5294117647058822,3060.43
15075858,5.0,23.0,3.0,0.0,4.0,12.0
15077163,5.0,8.0,7.0,5.0,4.499989499558683,1521.8
15077645,7.0,9.0,3.0,5.0,4.499980734967577,1095.18
15076766,8.0,1.0,4.0,0.0,3.36,7664.32
15076087,6.0,12.0,1.0,0.0,6.999999999999998,8.91
15075818,5.0,13.0,2.0,0.0,4.0,9.98
15076390,7.0,15.0,1.0,0.0,5.999999999999997,14.8
15077355,6.0,20.0,3.0,5.0,4.235294117647059,100.32
15075934,5.0,9.0,6.0,0.0,4.499994857141822,128.89
15076497,7.0,2.0,5.0,0.0,3.9999851277439817,2712.34
15075850,5.0,15.0,3.0,0.0,4.0,12.07
15076480,7.0,15.0,4.0,0.0,3.999988743485435,1964.51
15077125,5.0,30.0,5.0,5.0,3.9069767441860463,107.97
15075922,5.0,27.0,5.0,0.0,3.999999890186692,31.67
15075847,5.0,12.0,3.0,0.0,4.235294117647059,14.21
15076228,6.0,3.0,6.0,0.0,3.984189723320158,15917.69
15077171,5.0,16.0,7.0,5.0,3.987341772151899,4687.21
15076742,8.0,7.0,3.0,0.0,4.0,173.94
15077302,6.0,27.0,1.0,5.0,9.0,4.66
15077235,5.0,20.0,9.0,5.0,4.4999900404667015,17950.42
15076449,7.0,14.0,3.0,0.0,3.9999999999999996,49.53
15077881,8.0,5.0,1.0,5.0,6.000000000000002,6.6
15075968,5.0,13.0,7.0,0.0,3.9894459102902373,599.46
15076336,6.0,21.0,9.0,0.0,3.9789473684210526,15629.83
15077895,8.0,19.0,1.0,5.0,6.0,6.06
15077378,6.0,13.0,4.0,5.0,4.0,1341.29
15077266,5.0,21.0,10.0,5.0,4.5,26600.92
15075936,5.0,11.0,6.0,0.0,3.999995845773219,85.83
15077344,6.0,9.0,3.0,5.0,4.499984125005152,394.72
15076334,6.0,19.0,9.0,0.0,4.235263727118879,33844.42
15077219,5.0,4.0,9.0,5.0,3.943657189890101,17136.83
15076783,8.0,18.0,4.0,0.0,3.272727272727273,25089.2
15077097,5.0,2.0,5.0,5.0,4.235294117647059,117.3
15076257,6.0,2.0,7.0,0.0,4.235289283260842,1520.55
15077918,8.0,12.0,2.0,5.0,4.235294117647059,149.73
15076243,6.0,18.0,6.0,0.0,4.499989660933206,1372.76
15077695,7.0,29.0,4.0,5.0,3.999994936404332,5539.49
15075776,5.0,1.0,1.0,0.0,7.0,11.86
15077586,7.0,10.0,1.0,5.0,6.999999999999998,12.57
15077168,5.0,13.0,7.0,5.0,3.999992340541763,1862.29
15075878,5.0,13.0,4.0,0.0,4.0,18.56
15076125,6.0,20.0,2.0,0.0,4.235294117123528,16.68
15077354,6.0,19.0,3.0,5.0,3.999999774717492,25.03
15077189,5.0,4.0,8.0,5.0,3.9999937118131177,6775.14
15077166,5.0,11.0,7.0,5.0,3.987341772151898,664.63
15076460,7.0,25.0,3.0,0.0,3.6923076923076925,146.54
15076156,6.0,21.0,3.0,0.0,4.0,20.33
15076792,8.0,27.0,4.0,0.0,3.272727272727273,5334.0
15076192,6.0,27.0,4.0,0.0,3.857142857142857,90.73
15077937,8.0,1.0,3.0,5.0,4.0,2631.18
15077209,5.0,24.0,8.0,5.0,4.5,6430.97
15077619,7.0,13.0,2.0,5.0,4.0,30.47
15077882,8.0,6.0,1.0,5.0,5.999997358063118,6.59
15076317,6.0,2.0,9.0,0.0,4.23527644916984,37304.32
15075789,5.0,14.0,1.0,0.0,7.999999999999995,9.72
15077170,5.0,15.0,7.0,5.0,4.235286805863283,13717.46
15077297,6.0,22.0,1.0,5.0,5.999999999999998,5.17
15076757,8.0,22.0,3.0,0.0,3.999993638062165,649.86
15077633,7.0,27.0,2.0,5.0,4.499998892430088,62.06
15075895,5.0,30.0,4.0,0.0,3.9999993358800405,25.09
15076338,6.0,23.0,9.0,0.0,3.733328193092542,3610.61
15075933,5.0,8.0,6.0,0.0,4.0,81.88
15077681,7.0,15.0,4.0,5.0,3.9999942788087623,3188.41
15077449,6.0,24.0,6.0,5.0,4.0809652616106185,26657.87
15075956,5.0,1.0,7.0,0.0,3.8620689655172415,482.39
15077283,6.0,8.0,1.0,5.0,7.0,4.15
15076103,6.0,28.0,1.0,0.0,6.0,7.9
15075815,5.0,10.0,2.0,0.0,4.0,9.94
15077659,7.0,23.0,3.0,5.0,4.0,412.01
15077146,5.0,21.0,6.0,5.0,4.49999204644082,267.06
15076443,7.0,8.0,3.0,0.0,3.999999998835555,36.14
15076151,6.0,16.0,3.0,0.0,4.235294117647059,34.23
15076735,8.0,30.0,2.0,0.0,3.999999826244347,61.91
15077029,5.0,24.0,2.0,5.0,4.499999999449999,12.42
15076168,6.0,3.0,4.0,0.0,3.9999920045167547,191.76
15076533,7.0,8.0,6.0,0.0,3.561837455830389,7768.1
15077952,8.0,16.0,3.0,5.0,4.0,8790.89
15077165,5.0,10.0,7.0,5.0,3.999990014376114,6142.63
