job_id,depth,seed,k_x,scenario,obj_val,time,k_y,nash
15023530,6.0,24.0,2.0,0.0,6.0,140.69,0,4.034689793195464
15024048,7.0,30.0,1.0,0.0,8.0,8.53,0,3.913918930801021
15023743,6.0,27.0,3.0,1.0,5.99999314636838,7847.58,0,4.935161170804001
15024115,7.0,7.0,4.0,0.0,4.363631599970637,16906.66,0,3.953147877013177
15023855,6.0,19.0,1.0,2.0,7.999998235294118,9.61,0,4.3267048873966605
15024252,7.0,24.0,2.0,1.0,7.999995401565488,1920.93,0,4.562371783692687
15024423,7.0,13.0,2.0,2.0,6.999992492683574,2921.82,0,4.432572162533597
15023694,6.0,8.0,2.0,1.0,6.999999999999995,228.87,0,4.634661323880711
15024069,7.0,21.0,2.0,0.0,5.999999667124361,875.11,0,4.004958071836082
15023518,6.0,12.0,2.0,0.0,7.999999999099868,48.22,0,4.688372093023255
15023897,6.0,1.0,3.0,2.0,4.6666494539686445,13013.75,0,3.8782390155126096
15024440,7.0,30.0,2.0,2.0,7.999978236092974,1982.74,0,4.224145448566532
15023734,6.0,18.0,3.0,1.0,6.000000000000001,12582.56,0,5.173652694610778
15024056,7.0,8.0,2.0,0.0,7.0,743.02,0,4.05960531614982
15023639,6.0,13.0,6.0,0.0,4.315063804454981,27599.7,0,4.247191011235954
15023845,6.0,9.0,1.0,2.0,8.999997418433487,14.51,0,4.7170935080405005
15024075,7.0,27.0,2.0,0.0,9.0,624.51,0,4.546675531914895
15023576,6.0,10.0,4.0,0.0,4.5,5440.45,0,3.9802566633761103
15024073,7.0,25.0,2.0,0.0,6.999999999199998,197.18,0,4.110218707525021
15023605,6.0,9.0,5.0,0.0,4.43661971830986,10098.97,0,4.233201581027667
15023684,6.0,28.0,1.0,1.0,7.999998400000003,6.15,0,4.157653528872594
15023521,6.0,15.0,2.0,0.0,5.999999999299994,91.32,0,3.979794460895316
15023485,6.0,9.0,1.0,0.0,9.0,12.09,0,4.233201581027667
15023875,6.0,9.0,2.0,2.0,9.0,300.64,0,4.7170935080405005
15023883,6.0,17.0,2.0,2.0,6.999996389736852,130.05,0,4.28699381653432
15024063,7.0,15.0,2.0,0.0,5.999999999299998,247.77,0,3.922178988326849
15023712,6.0,26.0,2.0,1.0,7.999999555555553,485.25,0,4.708502166942674
15023889,6.0,23.0,2.0,2.0,7.999999999099998,451.99,0,4.554288765966205
15024219,7.0,21.0,1.0,1.0,8.999997727272726,11.66,0,4.579591998426011
15023849,6.0,13.0,1.0,2.0,8.999998777173916,11.67,0,4.581818181818181
15023542,6.0,6.0,3.0,0.0,4.96551724137931,892.53,0,4.235294117647059
15023860,6.0,24.0,1.0,2.0,8.999990886032224,24.9,0,4.568913250690865
15024058,7.0,10.0,2.0,0.0,6.0,232.89,0,3.877734129843565
15023707,6.0,21.0,2.0,1.0,7.999999993997491,486.57,0,4.7027172065346585
15024106,7.0,28.0,3.0,0.0,4.602739726027398,42461.09,0,3.67241429163494
15023863,6.0,27.0,1.0,2.0,9.0,11.61,0,5.068965517241378
15024201,7.0,3.0,1.0,1.0,9.0,7.68,0,4.252068153903155
15024207,7.0,9.0,1.0,1.0,8.999995781249998,8.77,0,4.61129499563313
15024389,7.0,9.0,1.0,2.0,8.999997000000002,36.37,0,4.54532865543568
15023587,6.0,21.0,4.0,0.0,4.363636363636364,7573.14,0,4.051867219917012
15023886,6.0,20.0,2.0,2.0,7.999997337108329,219.3,0,4.776337115072934
15024027,7.0,9.0,1.0,0.0,9.0,6.18,0,4.1652892561983474
15023658,6.0,2.0,1.0,1.0,9.0,7.0,0,5.052117263843648
15023893,6.0,27.0,2.0,2.0,8.999989757615152,204.98,0,5.068965517241378
15024424,7.0,14.0,2.0,2.0,8.0,3421.94,0,4.422264803273322
15024080,7.0,2.0,3.0,0.0,5.538461538461539,14018.99,0,4.544043199460007
15023596,6.0,30.0,4.0,0.0,4.540531691419194,6610.79,0,4.110091743119266
15023562,6.0,26.0,3.0,0.0,5.76,1137.79,0,4.556962025316457
15024108,7.0,30.0,3.0,0.0,5.090909090909091,24981.84,0,3.913918930801021
15023708,6.0,22.0,2.0,1.0,5.999999998481924,263.03,0,3.8414583945898273
15024208,7.0,10.0,1.0,1.0,7.999999999099998,16.14,0,4.299939714541697
15024244,7.0,16.0,2.0,1.0,7.999999999099613,1018.62,0,4.676322404712852
15024218,7.0,20.0,1.0,1.0,9.0,14.84,0,4.812229201328544
15023899,6.0,3.0,3.0,2.0,5.04,2801.1,0,4.279840848806366
15023729,6.0,13.0,3.0,1.0,5.478255052873007,7945.93,0,4.648470305938813
15024432,7.0,22.0,2.0,2.0,6.0,1506.53,0,3.643281140216585
15024047,7.0,29.0,1.0,0.0,6.999999999199999,8.85,0,3.798232335563261
15023514,6.0,8.0,2.0,0.0,6.0,159.88,0,4.239252336448597
15023738,6.0,22.0,3.0,1.0,4.421052631578947,11484.65,0,3.8414583945898273
15023548,6.0,12.0,3.0,0.0,5.76,659.88,0,4.688372093023255
15024042,7.0,24.0,1.0,0.0,8.999995638461526,12.78,0,3.9748417752715945
15024216,7.0,18.0,1.0,1.0,8.999995645844155,11.55,0,5.05404471020838
15023903,6.0,7.0,3.0,2.0,5.142857142857143,4178.59,0,4.429667837056831
15024435,7.0,25.0,2.0,2.0,7.0,6026.03,0,4.282506008045944
15023878,6.0,12.0,2.0,2.0,9.0,325.68,0,4.933686597202762
15023520,6.0,14.0,2.0,0.0,6.0,86.25,0,4.113166485310121
15023502,6.0,26.0,1.0,0.0,8.999996785714286,13.63,0,4.556962025316457
15023713,6.0,27.0,2.0,1.0,9.0,304.07,0,4.935161170804001
15023900,6.0,4.0,3.0,2.0,5.277480510127374,9625.1,0,4.227276808427857
15023879,6.0,13.0,2.0,2.0,6.99999412680949,295.76,0,4.581818181818181
15023571,6.0,5.0,4.0,0.0,4.499997750000331,342.3,0,4.5
15023504,6.0,28.0,1.0,0.0,8.0,14.05,0,3.785915492957747
15024204,7.0,6.0,1.0,1.0,8.999996388888812,9.08,0,4.371395294465241
15024103,7.0,25.0,3.0,0.0,5.277477189919889,18926.41,0,4.110218707525021
15023892,6.0,26.0,2.0,2.0,8.0,399.39,0,4.713857337573829
15024384,7.0,4.0,1.0,2.0,8.0,29.89,0,4.094747439152617
15024032,7.0,14.0,1.0,0.0,8.0,7.39,0,4.041731547804422
15024419,7.0,9.0,2.0,2.0,9.0,1614.18,0,4.54532865543568
15024233,7.0,5.0,2.0,1.0,7.000000000000001,1664.18,0,4.3904128239193065
15024229,7.0,1.0,2.0,1.0,6.999988555908203,2081.47,0,3.864855964085904
15023501,6.0,25.0,1.0,0.0,8.0,12.33,0,4.224371373307544
15023884,6.0,18.0,2.0,2.0,8.0,615.12,0,5.009364977549712
15023507,6.0,1.0,2.0,0.0,6.0,70.19,0,3.6729713239780346
15024220,7.0,22.0,1.0,1.0,6.999998666666665,12.91,0,3.762575821043797
15023728,6.0,12.0,3.0,1.0,5.9999929796604965,21477.97,0,5.008779199617928
15024092,7.0,14.0,3.0,0.0,4.754716981132075,1848.44,0,4.041731547804422
15024222,7.0,24.0,1.0,1.0,8.999996689655173,14.49,0,4.562371783692687
15023848,6.0,12.0,1.0,2.0,8.999997262315269,10.86,0,4.933686597202762
15024093,7.0,15.0,3.0,0.0,4.965503867399299,13671.5,0,3.922178988326849
15023499,6.0,23.0,1.0,0.0,8.0,12.57,0,4.288937264991095
15023609,6.0,13.0,5.0,0.0,4.421052631578947,5724.48,0,4.247191011235954
15024396,7.0,16.0,1.0,2.0,9.0,38.18,0,4.532986734266983
15024030,7.0,12.0,1.0,0.0,8.999998500000004,6.27,0,4.655172413793103
15023688,6.0,2.0,2.0,1.0,7.999999999099998,317.3,0,5.052117263843648
15023527,6.0,21.0,2.0,0.0,6.0,149.05,0,4.051867219917012
15023859,6.0,23.0,1.0,2.0,8.0,7.49,0,4.554288765966205
15023536,6.0,30.0,2.0,0.0,6.999999999999991,110.09,0,4.110091743119266
15023543,6.0,7.0,3.0,0.0,4.499999815005486,309.44,0,4.335078534031414
15023585,6.0,19.0,4.0,0.0,4.235294117647059,372.51,0,4.235294117647059
15024257,7.0,29.0,2.0,1.0,7.0,1167.8,0,4.23241105310035
15023517,6.0,11.0,2.0,0.0,6.0,76.14,0,3.8713394143062887
15023482,6.0,6.0,1.0,0.0,8.999997500000001,9.44,0,4.235294117647059
15023594,6.0,28.0,4.0,0.0,4.031995215341417,5278.26,0,3.785915492957747
15024255,7.0,27.0,2.0,1.0,9.0,1923.86,0,4.862749033160353
15024231,7.0,3.0,2.0,1.0,6.999989454132915,2045.16,0,4.252068153903155
15023565,6.0,29.0,3.0,0.0,4.66666189748477,1110.82,0,3.8956521739130414
15024043,7.0,25.0,1.0,0.0,8.0,6.07,0,4.110218707525021
15024068,7.0,20.0,2.0,0.0,6.999999999199999,437.34,0,4.2865634136323
15023492,6.0,16.0,1.0,0.0,9.0,13.17,0,4.335078534031414
15024383,7.0,3.0,1.0,2.0,8.999985913043474,33.14,0,4.093039912009036
15023924,6.0,28.0,3.0,2.0,5.090909090909091,10607.02,0,4.12362268207471
15024203,7.0,5.0,1.0,1.0,8.999997637088738,11.03,0,4.3904128239193065
15023529,6.0,23.0,2.0,0.0,7.0,55.88,0,4.288937264991095
15024107,7.0,29.0,3.0,0.0,4.666661556028753,28725.65,0,3.798232335563261
15024398,7.0,18.0,1.0,2.0,8.999996427687618,30.03,0,4.860785461368045
15024045,7.0,27.0,1.0,0.0,9.0,8.49,0,4.546675531914895
15024023,7.0,5.0,1.0,0.0,9.0,5.37,0,4.128255390646878
15023909,6.0,13.0,3.0,2.0,5.478260869565218,15444.52,0,4.581818181818181
15023735,6.0,19.0,3.0,1.0,5.538461538461538,12345.65,0,4.466066650450013
15024061,7.0,13.0,2.0,0.0,6.999999999199999,342.79,0,4.2543940795559685
15023598,6.0,2.0,5.0,0.0,4.8,30590.79,0,4.595744680851064
15023621,6.0,25.0,5.0,0.0,4.447053778370124,37279.14,0,4.224371373307544
15023865,6.0,29.0,1.0,2.0,6.999999999999998,12.81,0,4.222208398133748
15023663,6.0,7.0,1.0,1.0,9.0,7.04,0,4.636624822052542
15024051,7.0,3.0,2.0,0.0,5.999996778774528,299.03,0,3.752667890372809
15023921,6.0,25.0,3.0,2.0,5.538461538461539,17071.11,0,4.379591158384576
15023854,6.0,18.0,1.0,2.0,9.0,11.17,0,5.009364977549712
15023679,6.0,23.0,1.0,1.0,7.999999999999998,7.09,0,4.672557126374576
15023881,6.0,15.0,2.0,2.0,6.9999981687120725,381.79,0,4.217573221757322
15024057,7.0,9.0,2.0,0.0,5.999992286595001,317.06,0,4.1652892561983474
15024062,7.0,14.0,2.0,0.0,5.99999999929977,369.17,0,4.041731547804422
15023500,6.0,24.0,1.0,0.0,8.9999955,12.35,0,4.034689793195464
15023856,6.0,20.0,1.0,2.0,9.0,13.3,0,4.776337115072934
15024050,7.0,2.0,2.0,0.0,8.0,206.1,0,4.544043199460007
15023478,6.0,2.0,1.0,0.0,7.999999999999998,4.37,0,4.595744680851064
15024059,7.0,11.0,2.0,0.0,5.999999999299999,360.4,0,3.8021715297950487
15023526,6.0,20.0,2.0,0.0,7.0,147.31,0,4.347951114306254
15024077,7.0,29.0,2.0,0.0,7.0,284.29,0,3.798232335563261
15024046,7.0,28.0,1.0,0.0,7.9999988571428595,11.72,0,3.67241429163494
15023503,6.0,27.0,1.0,0.0,8.99999726833465,10.76,0,4.813953488372093
15023673,6.0,17.0,1.0,1.0,8.0,6.99,0,4.311917606669937
15024028,7.0,10.0,1.0,0.0,7.0,7.17,0,3.877734129843565
15023715,6.0,29.0,2.0,1.0,6.999996400626799,254.19,0,4.327887484017618
15024228,7.0,30.0,1.0,1.0,7.99999897728776,9.86,0,4.323478494069462
15024113,7.0,5.0,4.0,0.0,4.5,25662.17,0,4.128255390646878
15023915,6.0,19.0,3.0,2.0,4.965517241379311,12214.65,0,4.3267048873966605
15023732,6.0,16.0,3.0,1.0,5.76,12274.83,0,4.814854481817992
15023680,6.0,24.0,1.0,1.0,9.0,7.73,0,4.729718296483672
15023592,6.0,26.0,4.0,0.0,5.142857142857143,6670.72,0,4.556962025316457
15023593,6.0,27.0,4.0,0.0,5.4,11728.34,0,4.813953488372093
15023525,6.0,19.0,2.0,0.0,5.999999999299998,61.37,0,4.235294117647059
15023547,6.0,11.0,3.0,0.0,4.363636363636363,981.53,0,3.8713394143062887
15024209,7.0,11.0,1.0,1.0,7.999999999999998,14.97,0,4.156250155015608
15023563,6.0,27.0,3.0,0.0,6.000000000000001,1751.21,0,4.813953488372093
15023737,6.0,21.0,3.0,1.0,6.000000000000001,43143.86,0,4.7027172065346585
15024246,7.0,18.0,2.0,1.0,9.0,1450.34,0,5.05404471020838
15023720,6.0,4.0,3.0,1.0,4.965517241379311,19809.54,0,4.248917964055625
15023477,6.0,1.0,1.0,0.0,7.0,5.49,0,3.6729713239780346
15024074,7.0,26.0,2.0,0.0,7.999999996949263,364.81,0,4.535433070866142
15023723,6.0,7.0,3.0,1.0,5.76,17020.37,0,4.636624822052542
15023495,6.0,19.0,1.0,0.0,8.0,6.29,0,4.235294117647059
15024064,7.0,16.0,2.0,0.0,7.000000000000004,514.34,0,4.197501487209994
15023559,6.0,23.0,3.0,0.0,5.277479894616672,1028.2,0,4.288937264991095
15024070,7.0,22.0,2.0,0.0,5.999998617393769,321.8,0,3.4722025593192347
15024399,7.0,19.0,1.0,2.0,7.999997333183333,26.79,0,4.178677973378903
15023709,6.0,23.0,2.0,1.0,8.0,688.59,0,4.672557126374576
15023595,6.0,29.0,4.0,0.0,4.199993631630099,2724.68,0,3.8956521739130414
15024133,7.0,25.0,4.0,0.0,4.499992927384551,42985.01,0,4.110218707525021
15024392,7.0,12.0,1.0,2.0,8.999994749999999,34.6,0,4.786453670428504
15023643,6.0,17.0,6.0,0.0,4.0,953.44,0,4.0
15023700,6.0,14.0,2.0,1.0,7.999998001600642,206.59,0,4.63801833484132
15023705,6.0,19.0,2.0,1.0,7.999998752923419,304.04,0,4.466066650450013
15023604,6.0,8.0,5.0,0.0,4.357348703170029,30698.3,0,4.239252336448597
15024055,7.0,7.0,2.0,0.0,5.999999546101816,460.49,0,3.953147877013177
15024098,7.0,20.0,3.0,0.0,5.277486910994764,11608.59,0,4.2865634136323
15023635,6.0,9.0,6.0,0.0,4.307686347018032,35309.66,0,4.233201581027667
15023537,6.0,1.0,3.0,0.0,4.199999998959998,351.66,0,3.6729713239780346
15023696,6.0,10.0,2.0,1.0,6.999999997599995,293.34,0,4.402786861936585
15023583,6.0,17.0,4.0,0.0,4.3826086956521735,2539.39,0,4.0
15024066,7.0,18.0,2.0,0.0,7.999997632812086,187.09,0,4.564705882352941
15023674,6.0,18.0,1.0,1.0,9.0,7.05,0,5.173652694610778
15024211,7.0,13.0,1.0,1.0,8.999995000005017,16.73,0,4.526133272951309
15024054,7.0,6.0,2.0,0.0,5.999999999999999,910.75,0,3.951027547004809
15023917,6.0,21.0,3.0,2.0,5.759993610307009,25368.26,0,4.597347377480543
15024087,7.0,9.0,3.0,0.0,4.754716981132075,2501.2,0,4.1652892561983474
15023914,6.0,18.0,3.0,2.0,5.9999876529723135,11393.11,0,5.009364977549712
15024020,7.0,2.0,1.0,0.0,7.999999999999997,5.25,0,4.544043199460007
15024390,7.0,10.0,1.0,2.0,7.999999999999998,40.06,0,4.181785713900228
15023842,6.0,6.0,1.0,2.0,9.0,16.62,0,4.400324320513272
15023493,6.0,17.0,1.0,0.0,8.0,11.12,0,4.0
15023888,6.0,22.0,2.0,2.0,6.0,296.08,0,3.7742631200575127
15023582,6.0,16.0,4.0,0.0,4.609756097560975,4311.34,0,4.335078534031414
15023508,6.0,2.0,2.0,0.0,7.999998315860436,70.86,0,4.595744680851064
15023874,6.0,8.0,2.0,2.0,7.0,430.29,0,4.4830646678793205
15023745,6.0,29.0,3.0,1.0,4.869565217391305,10915.86,0,4.327887484017618
15023851,6.0,15.0,1.0,2.0,8.0,13.95,0,4.217573221757322
15024250,7.0,22.0,2.0,1.0,6.0,1466.97,0,3.762575821043797
15023677,6.0,21.0,1.0,1.0,9.0,7.55,0,4.7027172065346585
15024412,7.0,2.0,2.0,2.0,7.999991152491882,2365.89,0,4.781619345312041
15024408,7.0,28.0,1.0,2.0,8.0,26.98,0,3.974561738738474
15024088,7.0,10.0,3.0,0.0,4.754716981132075,8027.86,0,3.877734129843565
15024430,7.0,20.0,2.0,2.0,7.99998410369876,2506.7,0,4.623441976473839
15023672,6.0,16.0,1.0,1.0,9.0,6.62,0,4.814854481817992
15023509,6.0,3.0,2.0,0.0,6.0,71.21,0,3.83367139959432
15024215,7.0,17.0,1.0,1.0,7.999998400000002,15.68,0,4.1958543906250645
15024213,7.0,15.0,1.0,1.0,7.999999040404016,12.39,0,4.180106561819843
15023857,6.0,21.0,1.0,2.0,8.999998582582583,12.99,0,4.597347377480543
15024067,7.0,19.0,2.0,0.0,5.999999646428574,267.29,0,3.936908517350159
15023862,6.0,26.0,1.0,2.0,8.9999975,14.01,0,4.713857337573829
15023689,6.0,3.0,2.0,1.0,6.999999999077881,392.2,0,4.362764682381142
15023549,6.0,13.0,3.0,0.0,5.039999800278864,184.13,0,4.247191011235954
15023681,6.0,25.0,1.0,1.0,8.0,5.63,0,4.511579938120176
15023858,6.0,22.0,1.0,2.0,6.999998488636364,17.07,0,3.7742631200575127
15023591,6.0,25.0,4.0,0.0,4.595738375023261,1925.32,0,4.224371373307544
15023714,6.0,28.0,2.0,1.0,5.999998867675815,144.44,0,4.157653528872594
15024100,7.0,22.0,3.0,0.0,4.0,4572.06,0,3.4722025593192347
15023546,6.0,10.0,3.0,0.0,4.754716981132075,425.4,0,3.9802566633761103
15024416,7.0,6.0,2.0,2.0,5.999999997552888,1199.44,0,4.275447118569222
15024242,7.0,14.0,2.0,1.0,8.0,2420.77,0,4.515642369633001
15023516,6.0,10.0,2.0,0.0,6.0,88.29,0,3.9802566633761103
15023577,6.0,11.0,4.0,0.0,4.235294117647059,4296.32,0,3.8713394143062887
15024413,7.0,3.0,2.0,2.0,7.000000000000001,2814.17,0,4.093039912009036
15023567,6.0,1.0,4.0,0.0,4.0,1688.35,0,3.6729713239780346
15024249,7.0,21.0,2.0,1.0,7.999989880711492,1735.72,0,4.579591998426011
15023742,6.0,26.0,3.0,1.0,5.9999832993222295,38620.11,0,4.708502166942674
15023553,6.0,17.0,3.0,0.0,4.602737468416992,201.76,0,4.0
15023890,6.0,24.0,2.0,2.0,6.999999999999999,590.56,0,4.568913250690865
15023671,6.0,15.0,1.0,1.0,7.999998905683786,10.59,0,4.272035794183445
15023481,6.0,5.0,1.0,0.0,9.0,8.49,0,4.5
15023613,6.0,17.0,5.0,0.0,4.072727272727273,3457.76,0,4.0
15023640,6.0,14.0,6.0,0.0,4.1524138068340095,12564.13,0,4.113166485310121
15024034,7.0,16.0,1.0,0.0,8.99999696423459,11.9,0,4.197501487209994
15023725,6.0,9.0,3.0,1.0,6.000000000000001,13098.92,0,4.751944012441681
15024089,7.0,11.0,3.0,0.0,4.500000000000001,13383.2,0,3.8021715297950487
15023716,6.0,30.0,2.0,1.0,6.999999999199998,340.91,0,4.40061091700316
15024428,7.0,18.0,2.0,2.0,8.999988180479587,2386.31,0,4.860785461368045
15024076,7.0,28.0,2.0,0.0,6.0,509.16,0,3.67241429163494
15023510,6.0,4.0,2.0,0.0,5.999999352242933,65.22,0,3.9786643908683583
15023918,6.0,22.0,3.0,2.0,4.421052631578947,8584.38,0,3.7742631200575127
15024391,7.0,11.0,1.0,2.0,7.99999874651208,29.82,0,4.0350440593708745
15023532,6.0,26.0,2.0,0.0,7.999999999099999,62.15,0,4.556962025316457
15023557,6.0,21.0,3.0,0.0,4.96551724137931,1040.2,0,4.051867219917012
15024402,7.0,22.0,1.0,2.0,6.999998466678651,26.72,0,3.643281140216585
15023667,6.0,11.0,1.0,1.0,7.999999999999998,6.59,0,4.3326687731723785
15023683,6.0,27.0,1.0,1.0,9.0,6.71,0,4.935161170804001
15024415,7.0,5.0,2.0,2.0,7.000000000000001,1920.62,0,4.362608698724768
15023564,6.0,28.0,3.0,0.0,4.602734827653567,622.76,0,3.785915492957747
15023843,6.0,7.0,1.0,2.0,8.999997825316065,17.55,0,4.429667837056831
15024037,7.0,19.0,1.0,0.0,8.0,5.26,0,3.936908517350159
15024418,7.0,8.0,2.0,2.0,7.0,2274.51,0,4.341940780149344
15023483,6.0,7.0,1.0,0.0,8.999996,7.28,0,4.335078534031414
15023724,6.0,8.0,3.0,1.0,5.999991254311347,32668.36,0,4.634661323880711
15023887,6.0,21.0,2.0,2.0,7.9999934212191235,291.79,0,4.597347377480543
15024102,7.0,24.0,3.0,0.0,4.754716981132075,15252.58,0,3.9748417752715945
15023847,6.0,11.0,1.0,2.0,8.0,21.37,0,4.153129779640853
15023733,6.0,17.0,3.0,1.0,5.090901025525126,19760.57,0,4.311917606669937
15023479,6.0,3.0,1.0,0.0,6.999999999999998,4.68,0,3.83367139959432
15023721,6.0,5.0,3.0,1.0,5.478260869565218,12038.84,0,4.551330798479087
15023701,6.0,15.0,2.0,1.0,6.9999986722028,504.62,0,4.272035794183445
15024236,7.0,8.0,2.0,1.0,6.999997837837837,2728.75,0,4.515619002889596
15023531,6.0,25.0,2.0,0.0,6.0,61.92,0,4.224371373307544
15023722,6.0,6.0,3.0,1.0,5.76,14842.04,0,4.451562581249025
15023695,6.0,9.0,2.0,1.0,9.0,390.65,0,4.751944012441681
15024438,7.0,28.0,2.0,2.0,7.0,2289.09,0,3.974561738738474
15023706,6.0,20.0,2.0,1.0,8.0,207.85,0,4.935305704247932
15023901,6.0,5.0,3.0,2.0,5.478260869565218,30149.09,0,4.516687268232386
15024025,7.0,7.0,1.0,0.0,9.0,7.96,0,3.953147877013177
15023657,6.0,1.0,1.0,1.0,6.999999176470586,6.59,0,3.966777527022213
15024426,7.0,16.0,2.0,2.0,7.0,2644.18,0,4.532986734266983
15024202,7.0,4.0,1.0,1.0,7.999999998199997,19.88,0,4.138484965854363
15024382,7.0,2.0,1.0,2.0,8.99999535161539,34.02,0,4.781619345312041
15023704,6.0,18.0,2.0,1.0,8.999995781249378,226.4,0,5.173652694610778
15024434,7.0,24.0,2.0,2.0,8.0,3839.77,0,4.375755557528633
15023662,6.0,6.0,1.0,1.0,8.999998826086957,9.92,0,4.451562581249025
15023699,6.0,13.0,2.0,1.0,6.999997947197041,392.34,0,4.648470305938813
15024425,7.0,15.0,2.0,2.0,6.999992784210485,3017.08,0,4.0674782178394855
15024237,7.0,9.0,2.0,1.0,9.0,2784.38,0,4.61129499563313
15023645,6.0,19.0,6.0,0.0,4.235294117647059,902.83,0,4.235294117647059
15023606,6.0,10.0,5.0,0.0,4.295449457391693,37010.34,0,3.9802566633761103
15023519,6.0,13.0,2.0,0.0,6.999999999999998,56.75,0,4.247191011235954
15024395,7.0,15.0,1.0,2.0,7.999999999099996,26.5,0,4.0674782178394855
15023844,6.0,8.0,1.0,2.0,9.0,20.12,0,4.4830646678793205
15024240,7.0,12.0,2.0,1.0,9.0,2559.3,0,4.89341026802269
15024429,7.0,19.0,2.0,2.0,6.0,2721.12,0,4.178677973378903
15024403,7.0,23.0,1.0,2.0,7.999996552591275,26.82,0,4.431694735013288
15024224,7.0,26.0,1.0,1.0,8.999996666666672,14.74,0,4.609814076553445
15023491,6.0,15.0,1.0,0.0,8.0,11.67,0,3.979794460895316
15023691,6.0,5.0,2.0,1.0,6.999999994190455,325.23,0,4.551330798479087
15024400,7.0,20.0,1.0,2.0,8.999992131180884,42.51,0,4.623441976473839
15024038,7.0,20.0,1.0,0.0,9.0,10.16,0,4.2865634136323
15024044,7.0,26.0,1.0,0.0,8.999998752615248,6.99,0,4.535433070866142
15024071,7.0,23.0,2.0,0.0,6.999999999199999,416.19,0,4.24203416203982
15023880,6.0,14.0,2.0,2.0,7.9999999991,370.69,0,4.592255125284739
15024407,7.0,27.0,1.0,2.0,9.0,26.42,0,4.888729203174671
15024256,7.0,28.0,2.0,1.0,5.9999999951205165,2202.6,0,4.079805290925151
15023486,6.0,10.0,1.0,0.0,7.0,12.61,0,3.9802566633761103
15024212,7.0,14.0,1.0,1.0,8.999998750000007,11.88,0,4.515642369633001
15024386,7.0,6.0,1.0,2.0,8.999996082589284,30.16,0,4.275447118569222
15023668,6.0,12.0,1.0,1.0,9.0,8.17,0,5.008779199617928
15023661,6.0,5.0,1.0,1.0,9.0,7.81,0,4.551330798479087
15024433,7.0,23.0,2.0,2.0,8.0,3744.9,0,4.431694735013288
15024072,7.0,24.0,2.0,0.0,5.999999999299998,602.48,0,3.9748417752715945
15023926,6.0,30.0,3.0,2.0,5.333316090956725,29830.9,0,4.380570801317233
15024414,7.0,4.0,2.0,2.0,7.0,2976.59,0,4.094747439152617
15024239,7.0,11.0,2.0,1.0,7.000000000000001,2183.48,0,4.156250155015608
15024029,7.0,11.0,1.0,0.0,7.0,5.92,0,3.8021715297950487
15023600,6.0,4.0,5.0,0.0,4.153839447142258,16858.93,0,3.9786643908683583
15023669,6.0,13.0,1.0,1.0,8.999997790697671,8.44,0,4.648470305938813
15024205,7.0,7.0,1.0,1.0,8.999994551540219,19.62,0,4.406783050630895
15023665,6.0,9.0,1.0,1.0,9.0,6.59,0,4.751944012441681
15024439,7.0,29.0,2.0,2.0,7.0,1211.27,0,4.064537587383855
15023599,6.0,3.0,5.0,0.0,4.090909090909092,13967.3,0,3.83367139959432
15024226,7.0,28.0,1.0,1.0,7.999996999999999,20.29,0,4.079805290925151
15024385,7.0,5.0,1.0,2.0,8.999998843735712,26.54,0,4.362608698724768
15023686,6.0,30.0,1.0,1.0,8.0,5.5,0,4.40061091700316
15023838,6.0,2.0,1.0,2.0,8.999996666666643,19.73,0,4.921324314702742
15023853,6.0,17.0,1.0,2.0,7.999997999099985,9.9,0,4.28699381653432
15023919,6.0,23.0,3.0,2.0,5.538461538461539,21790.84,0,4.554288765966205
15023687,6.0,1.0,2.0,1.0,6.999973842222317,277.79,0,3.966777527022213
15023550,6.0,14.0,3.0,0.0,4.754716887823312,168.15,0,4.113166485310121
15024078,7.0,30.0,2.0,0.0,7.0,955.93,0,3.913918930801021
15024200,7.0,2.0,1.0,1.0,8.999995872093022,10.44,0,4.928084514477785
15024251,7.0,23.0,2.0,1.0,7.999981774909211,3569.82,0,4.56276245209832
15023692,6.0,6.0,2.0,1.0,5.999999998600368,200.73,0,4.451562581249025
15023511,6.0,5.0,2.0,0.0,5.9999999992997815,53.88,0,4.5
15023682,6.0,26.0,1.0,1.0,8.999999500000001,10.01,0,4.708502166942674
15024447,7.0,7.0,3.0,2.0,5.142857142857143,35082.45,0,4.291209342008438
15023861,6.0,25.0,1.0,2.0,7.999999999999995,16.31,0,4.379591158384576
15023912,6.0,16.0,3.0,2.0,5.478260869565218,11840.96,0,4.704454256497289
15023535,6.0,29.0,2.0,0.0,7.0,72.62,0,3.8956521739130414
15024084,7.0,6.0,3.0,0.0,4.96551724137931,13707.13,0,3.951027547004809
15023850,6.0,14.0,1.0,2.0,8.999997,8.74,0,4.592255125284739
15024039,7.0,21.0,1.0,0.0,9.0,10.18,0,4.004958071836082
15024125,7.0,17.0,4.0,0.0,4.032,17715.71,0,3.9069767441860472
15024227,7.0,29.0,1.0,1.0,6.999999999199999,12.65,0,4.23241105310035
15024232,7.0,4.0,2.0,1.0,6.0,3249.73,0,4.138484965854363
15024427,7.0,17.0,2.0,2.0,6.999990932077666,1598.78,0,4.121707947080966
15023523,6.0,17.0,2.0,0.0,6.0,69.12,0,4.0
15023690,6.0,4.0,2.0,1.0,5.999999999299999,272.41,0,4.248917964055625
15024381,7.0,1.0,1.0,2.0,6.999999571428726,32.39,0,3.733917261413845
15023545,6.0,9.0,3.0,0.0,4.754716938225889,230.62,0,4.233201581027667
15024238,7.0,10.0,2.0,1.0,7.0,3495.79,0,4.299939714541697
15024094,7.0,16.0,3.0,0.0,5.04,3281.19,0,4.197501487209994
15024234,7.0,6.0,2.0,1.0,6.0,2853.88,0,4.371395294465241
15023698,6.0,12.0,2.0,1.0,9.0,362.15,0,5.008779199617928
15023910,6.0,14.0,3.0,2.0,5.538461538461538,14397.87,0,4.592255125284739
15024099,7.0,21.0,3.0,0.0,4.96551724137931,14446.14,0,4.004958071836082
15023906,6.0,10.0,3.0,2.0,4.869565217391305,3963.6,0,4.345292920638321
15024409,7.0,29.0,1.0,2.0,6.9999988429811,27.32,0,4.064537587383855
15023590,6.0,24.0,4.0,0.0,4.363636363636363,4275.82,0,4.034689793195464
15024024,7.0,6.0,1.0,0.0,9.0,8.0,0,3.951027547004809
15023489,6.0,13.0,1.0,0.0,9.0,11.78,0,4.247191011235954
15024090,7.0,12.0,3.0,0.0,5.76,14567.0,0,4.655172413793103
15023866,6.0,30.0,1.0,2.0,8.0,14.33,0,4.380570801317233
15024421,7.0,11.0,2.0,2.0,6.999992160000009,2602.73,0,4.0350440593708745
15023841,6.0,5.0,1.0,2.0,9.0,14.86,0,4.516687268232386
15023528,6.0,22.0,2.0,0.0,5.999999999299999,137.78,0,3.574468085106383
15024217,7.0,19.0,1.0,1.0,7.999997,10.0,0,4.272531696560813
15023614,6.0,18.0,5.0,0.0,4.88135593220339,20003.74,0,4.645161290322581
15024210,7.0,12.0,1.0,1.0,8.999998000000001,21.65,0,4.89341026802269
15024254,7.0,26.0,2.0,1.0,8.0,7627.84,0,4.609814076553445
15024214,7.0,16.0,1.0,1.0,8.999997878787882,9.48,0,4.676322404712852
15024431,7.0,21.0,2.0,2.0,8.0,3458.39,0,4.392651051141466
15024230,7.0,2.0,2.0,1.0,8.0,1701.56,0,4.928084514477785
15023870,6.0,4.0,2.0,2.0,7.0,300.72,0,4.227276808427857
15023579,6.0,13.0,4.0,0.0,4.609756097560976,3243.32,0,4.247191011235954
15024026,7.0,8.0,1.0,0.0,8.999996999999999,9.49,0,4.05960531614982
15024253,7.0,25.0,2.0,1.0,6.999999999199973,1081.51,0,4.404279525961389
15023675,6.0,19.0,1.0,1.0,7.999999999099999,6.01,0,4.466066650450013
15023538,6.0,2.0,3.0,0.0,5.538461538461539,449.91,0,4.595744680851064
15023846,6.0,10.0,1.0,2.0,7.999999999999995,16.76,0,4.345292920638321
15024019,7.0,1.0,1.0,0.0,7.0,7.71,0,3.5899707518849224
15024420,7.0,10.0,2.0,2.0,7.000000000000001,3955.46,0,4.181785713900228
15024221,7.0,23.0,1.0,1.0,7.999999999099997,11.33,0,4.56276245209832
15024405,7.0,25.0,1.0,2.0,7.999999355864137,31.86,0,4.282506008045944
15023702,6.0,16.0,2.0,1.0,8.0,284.45,0,4.814854481817992
15023631,6.0,5.0,6.0,0.0,4.5,546.46,0,4.5
15023586,6.0,20.0,4.0,0.0,4.7398057882902975,6249.88,0,4.347951114306254
15023916,6.0,20.0,3.0,2.0,5.759990151126039,21043.91,0,4.776337115072934
15023578,6.0,12.0,4.0,0.0,5.142857142857143,8233.03,0,4.688372093023255
15023603,6.0,7.0,5.0,0.0,4.363636363636363,6729.08,0,4.335078534031414
15024436,7.0,26.0,2.0,2.0,7.999990300571593,1416.24,0,4.553072927227399
15023718,6.0,2.0,3.0,1.0,5.999991221226244,23797.48,0,5.052117263843648
15023877,6.0,11.0,2.0,2.0,6.0,656.12,0,4.153129779640853
15024031,7.0,13.0,1.0,0.0,8.999999960848466,6.84,0,4.2543940795559685
15023839,6.0,3.0,1.0,2.0,8.99999823529412,16.7,0,4.279840848806366
15024422,7.0,12.0,2.0,2.0,9.0,2896.31,0,4.786453670428504
15024021,7.0,3.0,1.0,0.0,6.999999999199999,7.95,0,3.752667890372809
15023882,6.0,16.0,2.0,2.0,7.0,301.24,0,4.704454256497289
15023660,6.0,4.0,1.0,1.0,8.0,7.38,0,4.248917964055625
15023891,6.0,25.0,2.0,2.0,7.0,979.81,0,4.379591158384576
15023581,6.0,15.0,4.0,0.0,4.408163265306122,7485.89,0,3.979794460895316
15023666,6.0,10.0,1.0,1.0,8.0,9.82,0,4.402786861936585
15024241,7.0,13.0,2.0,1.0,6.99998988119475,1949.45,0,4.526133272951309
15023497,6.0,21.0,1.0,0.0,9.0,13.33,0,4.051867219917012
15023896,6.0,30.0,2.0,2.0,8.0,334.68,0,4.380570801317233
15023513,6.0,7.0,2.0,0.0,6.0,96.49,0,4.335078534031414
15024417,7.0,7.0,2.0,2.0,5.999999994049982,2899.98,0,4.291209342008438
15023484,6.0,8.0,1.0,0.0,9.0,10.96,0,4.239252336448597
15023601,6.0,5.0,5.0,0.0,4.5,809.3,0,4.5
15023908,6.0,12.0,3.0,2.0,5.999988211607375,18744.94,0,4.933686597202762
15023522,6.0,16.0,2.0,0.0,7.0,95.89,0,4.335078534031414
15023895,6.0,29.0,2.0,2.0,6.999999673994169,233.23,0,4.222208398133748
15023544,6.0,8.0,3.0,0.0,4.965512867283907,1581.95,0,4.239252336448597
15024049,7.0,1.0,2.0,0.0,5.999999999299995,241.62,0,3.5899707518849224
15023552,6.0,16.0,3.0,0.0,5.04,319.16,0,4.335078534031414
15023505,6.0,29.0,1.0,0.0,6.999999999199999,10.36,0,3.8956521739130414
15024387,7.0,7.0,1.0,2.0,9.0,23.34,0,4.291209342008438
15024112,7.0,4.0,4.0,0.0,4.295454545454546,36984.84,0,3.976479344994418
15023580,6.0,14.0,4.0,0.0,4.5,2073.39,0,4.113166485310121
15023480,6.0,4.0,1.0,0.0,7.999999999999998,5.44,0,3.9786643908683583
15024060,7.0,12.0,2.0,0.0,7.999999999099996,159.85,0,4.655172413793103
15023902,6.0,6.0,3.0,2.0,5.142857142857143,7162.64,0,4.400324320513272
15023506,6.0,30.0,1.0,0.0,8.0,12.94,0,4.110091743119266
15023678,6.0,22.0,1.0,1.0,7.0,6.68,0,3.8414583945898273
15023685,6.0,29.0,1.0,1.0,6.999999999199996,5.81,0,4.327887484017618
15023569,6.0,3.0,4.0,0.0,4.447058823529412,4452.9,0,3.83367139959432
15023840,6.0,4.0,1.0,2.0,8.0,14.64,0,4.227276808427857
15024393,7.0,13.0,1.0,2.0,8.999999035714186,26.43,0,4.432572162533597
15023572,6.0,6.0,4.0,0.0,4.49999255469822,5331.24,0,4.235294117647059
15023539,6.0,3.0,3.0,0.0,4.499998926199213,408.21,0,3.83367139959432
15023726,6.0,10.0,3.0,1.0,5.277486910994764,13149.84,0,4.402786861936585
15023898,6.0,2.0,3.0,2.0,6.000000000000001,28939.88,0,4.921324314702742
15024206,7.0,8.0,1.0,1.0,8.999997910668995,13.04,0,4.515619002889596
15024083,7.0,5.0,3.0,0.0,4.754716981132075,2873.52,0,4.128255390646878
15023588,6.0,22.0,4.0,0.0,3.818181818181818,5201.22,0,3.574468085106383
15023573,6.0,7.0,4.0,0.0,4.500000000000001,5365.14,0,4.335078534031414
15024437,7.0,27.0,2.0,2.0,8.999988794543109,1423.15,0,4.888729203174671
15023541,6.0,5.0,3.0,0.0,4.754716938225887,201.32,0,4.5
15023746,6.0,30.0,3.0,1.0,5.090909090909091,9386.81,0,4.40061091700316
15023871,6.0,5.0,2.0,2.0,6.999998407407274,196.36,0,4.516687268232386
15024065,7.0,17.0,2.0,0.0,6.0,233.04,0,3.9069767441860472
15023719,6.0,3.0,3.0,1.0,5.47825275828781,19981.44,0,4.362764682381142
15023740,6.0,24.0,3.0,1.0,5.999990943679405,26649.9,0,4.729718296483672
15023876,6.0,10.0,2.0,2.0,7.0,223.97,0,4.345292920638321
15024085,7.0,7.0,3.0,0.0,4.500000000000001,2642.37,0,3.953147877013177
15023659,6.0,3.0,1.0,1.0,8.999997500000017,9.23,0,4.362764682381142
15024052,7.0,4.0,2.0,0.0,6.0,186.24,0,3.976479344994418
15023574,6.0,8.0,4.0,0.0,4.5,4564.72,0,4.239252336448597
15023664,6.0,8.0,1.0,1.0,9.0,6.59,0,4.634661323880711
15023570,6.0,4.0,4.0,0.0,4.447052755382082,3529.44,0,3.9786643908683583
15023496,6.0,20.0,1.0,0.0,8.999998946341465,12.55,0,4.347951114306254
15023554,6.0,18.0,3.0,0.0,5.538461538461538,854.45,0,4.645161290322581
15023693,6.0,7.0,2.0,1.0,7.999999999099987,264.92,0,4.636624822052542
15024411,7.0,1.0,2.0,2.0,6.999992369805468,3187.45,0,3.733917261413845
15024225,7.0,27.0,1.0,1.0,9.0,21.63,0,4.862749033160353
15023885,6.0,19.0,2.0,2.0,6.0,328.42,0,4.3267048873966605
15023568,6.0,2.0,4.0,0.0,5.023255813953488,5397.72,0,4.595744680851064
15023730,6.0,14.0,3.0,1.0,5.76,14110.73,0,4.63801833484132
15023555,6.0,19.0,3.0,0.0,4.363636131065506,261.13,0,4.235294117647059
15023584,6.0,18.0,4.0,0.0,5.023255813953488,7375.68,0,4.645161290322581
15023566,6.0,30.0,3.0,0.0,5.090909090909091,1846.9,0,4.110091743119266
15023703,6.0,17.0,2.0,1.0,6.999999999199948,205.93,0,4.311917606669937
15023615,6.0,19.0,5.0,0.0,4.235294117647059,924.3,0,4.235294117647059
15023697,6.0,11.0,2.0,1.0,6.999999999199996,268.81,0,4.3326687731723785
15023894,6.0,28.0,2.0,2.0,7.0,269.5,0,4.12362268207471
15024258,7.0,30.0,2.0,1.0,7.0,2020.62,0,4.323478494069462
15023867,6.0,1.0,2.0,2.0,7.0,285.08,0,3.8782390155126096
15024095,7.0,17.0,3.0,0.0,4.602739726027398,3897.9,0,3.9069767441860472
15023556,6.0,20.0,3.0,0.0,5.277486910994764,1193.64,0,4.347951114306254
15023619,6.0,23.0,5.0,0.0,4.530337078651685,21574.49,0,4.288937264991095
15023487,6.0,11.0,1.0,0.0,7.0,11.84,0,3.8713394143062887
15023922,6.0,26.0,3.0,2.0,5.76,8168.31,0,4.713857337573829
15024082,7.0,4.0,3.0,0.0,4.754710583187889,2656.89,0,3.976479344994418
15024091,7.0,13.0,3.0,0.0,5.039988877624241,5235.41,0,4.2543940795559685
15023512,6.0,6.0,2.0,0.0,5.999999999299998,177.84,0,4.235294117647059
15023515,6.0,9.0,2.0,0.0,6.0,76.17,0,4.233201581027667
15023534,6.0,28.0,2.0,0.0,5.999999999299999,128.08,0,3.785915492957747
15023923,6.0,27.0,3.0,2.0,6.000000000000001,9213.58,0,5.068965517241378
15023490,6.0,14.0,1.0,0.0,8.0,11.62,0,4.113166485310121
15024235,7.0,7.0,2.0,1.0,8.0,2377.14,0,4.406783050630895
15024096,7.0,18.0,3.0,0.0,5.538461538461538,12967.95,0,4.564705882352941
15024406,7.0,26.0,1.0,2.0,8.9999985882353,24.61,0,4.553072927227399
15023911,6.0,15.0,3.0,2.0,5.277486910994764,12565.45,0,4.217573221757322
15024079,7.0,1.0,3.0,0.0,4.2,5844.0,0,3.5899707518849224
15024394,7.0,14.0,1.0,2.0,8.999995506772049,49.29,0,4.422264803273322
15023533,6.0,27.0,2.0,0.0,8.999999998666661,109.54,0,4.813953488372093
15023873,6.0,7.0,2.0,2.0,6.000000000000001,215.73,0,4.429667837056831
15023494,6.0,18.0,1.0,0.0,9.0,11.99,0,4.645161290322581
15024199,7.0,1.0,1.0,1.0,6.999998230228724,9.34,0,3.864855964085904
15024404,7.0,24.0,1.0,2.0,8.999996707270718,37.42,0,4.375755557528633
15024243,7.0,15.0,2.0,1.0,7.000000000000001,2943.43,0,4.180106561819843
15024127,7.0,19.0,4.0,0.0,4.235294117647058,13312.96,0,3.936908517350159
15024086,7.0,8.0,3.0,0.0,5.277486910994764,18918.04,0,4.05960531614982
15024245,7.0,17.0,2.0,1.0,7.0,1290.2,0,4.1958543906250645
15023524,6.0,18.0,2.0,0.0,8.0,90.11,0,4.645161290322581
15023868,6.0,2.0,2.0,2.0,8.0,391.5,0,4.921324314702742
15023612,6.0,16.0,5.0,0.0,4.499988785634479,26875.13,0,4.335078534031414
15023575,6.0,9.0,4.0,0.0,4.499999555555555,1653.28,0,4.233201581027667
15024388,7.0,8.0,1.0,2.0,8.999992285714288,31.59,0,4.341940780149344
15023589,6.0,23.0,4.0,0.0,4.638036809815951,5617.28,0,4.288937264991095
15023676,6.0,20.0,1.0,1.0,8.999998536036035,7.1,0,4.935305704247932
15023904,6.0,8.0,3.0,2.0,5.478260869565218,14453.56,0,4.4830646678793205
15023498,6.0,22.0,1.0,0.0,7.0,12.98,0,3.574468085106383
15023540,6.0,4.0,3.0,0.0,4.754715600925255,196.65,0,3.9786643908683583
15024410,7.0,30.0,1.0,2.0,7.999997500000002,26.12,0,4.224145448566532
15024247,7.0,19.0,2.0,1.0,7.999987631489674,1461.97,0,4.272531696560813
15024223,7.0,25.0,1.0,1.0,7.999998165451606,16.71,0,4.404279525961389
15023710,6.0,24.0,2.0,1.0,8.0,294.66,0,4.729718296483672
15024081,7.0,3.0,3.0,0.0,4.5,8518.38,0,3.752667890372809
15024022,7.0,4.0,1.0,0.0,8.0,6.34,0,3.976479344994418
15023837,6.0,1.0,1.0,2.0,6.999999279411765,14.37,0,3.8782390155126096
15023744,6.0,28.0,3.0,1.0,4.8,6970.54,0,4.157653528872594
15024040,7.0,22.0,1.0,0.0,7.0,7.73,0,3.4722025593192347
15023558,6.0,22.0,3.0,0.0,4.199988527011688,609.49,0,3.574468085106383
15023852,6.0,16.0,1.0,2.0,9.0,9.36,0,4.704454256497289
15024041,7.0,23.0,1.0,0.0,8.0,6.27,0,4.24203416203982
15023561,6.0,25.0,3.0,0.0,4.7999996534832405,353.92,0,4.224371373307544
15023920,6.0,24.0,3.0,2.0,5.76,19589.14,0,4.568913250690865
15023717,6.0,1.0,3.0,1.0,4.666652057108927,5243.31,0,3.966777527022213
15024101,7.0,23.0,3.0,0.0,5.277479948954431,15354.24,0,4.24203416203982
15024097,7.0,19.0,3.0,0.0,4.500000000000001,2164.85,0,3.936908517350159
15023869,6.0,3.0,2.0,2.0,7.0,172.35,0,4.279840848806366
15024104,7.0,26.0,3.0,0.0,5.76,20753.76,0,4.535433070866142
15023610,6.0,14.0,5.0,0.0,4.357348703170029,12330.43,0,4.113166485310121
15023670,6.0,14.0,1.0,1.0,8.999998064806302,8.96,0,4.63801833484132
15024053,7.0,5.0,2.0,0.0,6.0,195.65,0,4.128255390646878
15023925,6.0,29.0,3.0,2.0,4.666666666666666,6390.98,0,4.222208398133748
15023913,6.0,17.0,3.0,2.0,5.090909090909091,12978.85,0,4.28699381653432
15024035,7.0,17.0,1.0,0.0,8.0,5.31,0,3.9069767441860472
15024033,7.0,15.0,1.0,0.0,8.0,7.48,0,3.922178988326849
15023607,6.0,11.0,5.0,0.0,4.0,40710.52,0,3.8713394143062887
15023736,6.0,20.0,3.0,1.0,6.000000000000001,39411.11,0,4.935305704247932
15023864,6.0,28.0,1.0,2.0,8.0,8.33,0,4.12362268207471
15024036,7.0,18.0,1.0,0.0,9.0,7.55,0,4.564705882352941
15023741,6.0,25.0,3.0,1.0,5.999989374747068,36002.97,0,4.511579938120176
15023872,6.0,6.0,2.0,2.0,6.0,274.44,0,4.400324320513272
15023488,6.0,12.0,1.0,0.0,9.0,12.53,0,4.688372093023255
15024248,7.0,20.0,2.0,1.0,8.0,1497.13,0,4.812229201328544
15024105,7.0,27.0,3.0,0.0,5.999991814397447,12964.08,0,4.546675531914895
15023711,6.0,25.0,2.0,1.0,6.999999999199995,251.76,0,4.511579938120176
15024401,7.0,21.0,1.0,2.0,8.99999830803243,25.21,0,4.392651051141466
15023560,6.0,24.0,3.0,0.0,4.754716981132075,861.1,0,4.034689793195464
15023551,6.0,15.0,3.0,0.0,4.965517241379311,755.7,0,3.979794460895316
15024117,7.0,9.0,4.0,0.0,4.5,39727.98,0,4.1652892561983474
15024397,7.0,17.0,1.0,2.0,7.999997999122417,30.38,0,4.121707947080966
15023905,6.0,9.0,3.0,2.0,5.999985684548035,14715.91,0,4.7170935080405005
15169848,5.0,2.0,2.0,1.0,7.999998487394957,82.08,0,5.101525340331311
15169799,5.0,13.0,5.0,0.0,4.499999999999998,122.6,0,4.5
15169814,5.0,28.0,5.0,0.0,4.0,1451.99,0,3.84
15169720,5.0,24.0,2.0,0.0,4.49999999944999,25.21,0,3.929824561403509
15170091,5.0,29.0,6.0,0.0,3.843137254901961,21983.22,0,3.8153846153846143
15169818,5.0,2.0,1.0,1.0,9.0,5.01,0,5.101525340331311
15169907,5.0,1.0,4.0,1.0,4.666666666666667,10552.97,0,4.0
15169725,5.0,29.0,2.0,0.0,4.0,16.83,0,3.8153846153846143
15169698,5.0,2.0,2.0,0.0,4.5,96.21,0,4.235294117647059
15167950,5.0,7.0,3.0,2.0,5.142857142857143,500.77,0,4.299420625724218
15167943,5.0,30.0,2.0,2.0,7.99999999818741,61.74,0,4.229607250755287
15169926,5.0,20.0,4.0,1.0,5.76,14513.13,0,5.044471693034661
15169772,5.0,16.0,4.0,0.0,4.363636280191384,435.98,0,4.363636363636363
15169842,5.0,26.0,1.0,1.0,9.0,5.08,0,4.764212488350419
15169738,5.0,12.0,3.0,0.0,4.5,17.43,0,4.5
15168031,5.0,27.0,5.0,2.0,5.4,29231.82,0,4.882697947214076
15169813,5.0,27.0,5.0,0.0,4.499999917583342,980.77,0,4.5
15169805,5.0,19.0,5.0,0.0,4.235294117647059,56.88,0,4.235294117647059
15169749,5.0,23.0,3.0,0.0,4.235293735211191,20.2,0,4.0
15169870,5.0,24.0,2.0,1.0,8.000000000000002,47.16,0,4.867132867132868
15169789,5.0,3.0,5.0,0.0,3.978947368421053,265.28,0,3.9375
15169913,5.0,7.0,4.0,1.0,5.142857142857143,5466.16,0,4.699738903394255
15169742,5.0,16.0,3.0,0.0,4.5,77.81,0,4.363636363636363
15169701,5.0,5.0,2.0,0.0,4.5,93.27,0,4.5
15167918,5.0,5.0,2.0,2.0,6.999999675494322,154.79,0,4.349482903195752
15169679,5.0,13.0,1.0,0.0,9.0,91.71,0,4.5
15169856,5.0,10.0,2.0,1.0,6.999999998698687,61.8,0,4.452376011620668
15169855,5.0,9.0,2.0,1.0,8.999999998999998,83.27,0,4.817454545454546
15169699,5.0,3.0,2.0,0.0,4.5,101.21,0,3.9375
15168003,5.0,29.0,4.0,2.0,4.307692307692307,3351.24,0,4.112804063084737
15167957,5.0,14.0,3.0,2.0,5.538461538461538,928.06,0,4.414138254613703
15169714,5.0,18.0,2.0,0.0,4.499999999449994,98.11,0,4.344827586206897
15167916,5.0,3.0,2.0,2.0,6.999989003963067,136.86,0,4.1104140526976165
15169920,5.0,14.0,4.0,1.0,5.759993470046597,8565.8,0,4.70377358490566
15170067,5.0,5.0,6.0,0.0,4.5,80.35,0,4.5
15169694,5.0,28.0,1.0,0.0,8.0,90.87,0,3.84
15169681,5.0,15.0,1.0,0.0,7.0,91.7,0,3.9685039370078736
15167967,5.0,24.0,3.0,2.0,5.4782586930489625,1095.0,0,4.442291658395203
15170064,5.0,2.0,6.0,0.0,4.235294117647058,87.99,0,4.235294117647059
15167922,5.0,9.0,2.0,2.0,8.999999998999998,262.64,0,4.546391752577319
15167934,5.0,21.0,2.0,2.0,8.0,70.75,0,4.444206926036768
15169705,5.0,9.0,2.0,0.0,4.5,95.41,0,4.5
15167887,5.0,4.0,1.0,2.0,7.999999999999998,74.2,0,4.057663023898163
15169860,5.0,14.0,2.0,1.0,7.999999999099947,61.55,0,4.70377358490566
15169731,5.0,5.0,3.0,0.0,4.5,10.21,0,4.5
15169802,5.0,16.0,5.0,0.0,4.363636363636364,1890.84,0,4.363636363636363
15169676,5.0,10.0,1.0,0.0,7.0,90.7,0,3.958115183246073
15169796,5.0,10.0,5.0,0.0,3.978947368421053,630.96,0,3.958115183246073
15169945,5.0,9.0,5.0,1.0,5.142857142857144,21380.97,0,4.817454545454546
15167971,5.0,28.0,3.0,2.0,5.090909090909091,1313.05,0,4.019138755980861
15169779,5.0,23.0,4.0,0.0,4.0,32.45,0,4.0
15169678,5.0,12.0,1.0,0.0,9.0,90.61,0,4.5
15167973,5.0,30.0,3.0,2.0,5.333311404738612,422.15,0,4.229607250755287
15167891,5.0,8.0,1.0,2.0,9.0,195.08,0,4.402553373446138
15169878,5.0,2.0,3.0,1.0,5.999998024799747,970.14,0,5.101525340331311
15169686,5.0,20.0,1.0,0.0,9.0,91.63,0,4.131147540983607
15169866,5.0,20.0,2.0,1.0,7.999999999099954,52.84,0,5.044471693034661
15167905,5.0,22.0,1.0,2.0,7.0,81.75,0,3.801926211290562
15169836,5.0,20.0,1.0,1.0,9.0,4.6,0,5.044471693034661
15169844,5.0,28.0,1.0,1.0,8.0,4.03,0,4.190561797752809
15167952,5.0,9.0,3.0,2.0,6.000000000000001,1085.71,0,4.546391752577319
15168032,5.0,28.0,5.0,2.0,4.242424242424242,24445.36,0,4.019138755980861
15170090,5.0,28.0,6.0,0.0,3.84,8363.28,0,3.84
15169810,5.0,24.0,5.0,0.0,4.0,1463.21,0,3.929824561403509
15167910,5.0,27.0,1.0,2.0,9.0,82.51,0,4.882697947214076
15169929,5.0,23.0,4.0,1.0,5.478260869565218,22012.85,0,4.755364287497068
15169849,5.0,3.0,2.0,1.0,6.999998933893977,89.0,0,4.45469597741082
15167885,5.0,2.0,1.0,2.0,9.0,77.7,0,4.817647058823529
15167995,5.0,22.0,4.0,2.0,4.064516129032259,4173.93,0,3.801926211290562
15169778,5.0,22.0,4.0,0.0,3.5744680846489354,85.02,0,3.574468085106383
15170083,5.0,21.0,6.0,0.0,4.0,2981.07,0,3.906976744186047
15167986,5.0,13.0,4.0,2.0,5.040000000000001,9118.52,0,4.421602787456448
15167892,5.0,9.0,1.0,2.0,9.0,74.03,0,4.546391752577319
15169710,5.0,14.0,2.0,0.0,4.5,94.66,0,4.235294117647059
15170063,5.0,1.0,6.0,0.0,3.8181818181818175,7108.97,0,3.7692307692307696
15169722,5.0,26.0,2.0,0.0,4.499998361068309,8.85,0,4.235294117647059
15169717,5.0,21.0,2.0,0.0,4.5,31.84,0,3.906976744186047
15169718,5.0,22.0,2.0,0.0,4.0,11.05,0,3.574468085106383
15169776,5.0,20.0,4.0,0.0,4.235294052059543,96.75,0,4.131147540983607
15169682,5.0,16.0,1.0,0.0,9.0,92.04,0,4.363636363636363
15169861,5.0,15.0,2.0,1.0,6.999994595317672,91.59,0,4.3697428109948255
15169918,5.0,12.0,4.0,1.0,5.478260869565218,11094.06,0,5.063916482125911
15170082,5.0,20.0,6.0,0.0,4.2,5957.03,0,4.131147540983607
15169916,5.0,10.0,4.0,1.0,5.277486910994764,10247.97,0,4.452376011620668
15167928,5.0,15.0,2.0,2.0,6.000000000000002,158.78,0,4.065984839564918
15169745,5.0,19.0,3.0,0.0,4.235294117647059,9.5,0,4.235294117647059
15167890,5.0,7.0,1.0,2.0,9.0,77.35,0,4.299420625724218
15169726,5.0,30.0,2.0,0.0,4.0,14.95,0,3.884393063583815
15167911,5.0,28.0,1.0,2.0,8.0,79.31,0,4.019138755980861
15169769,5.0,13.0,4.0,0.0,4.5,62.16,0,4.5
15169830,5.0,14.0,1.0,1.0,9.0,3.92,0,4.70377358490566
15169795,5.0,9.0,5.0,0.0,4.5,141.0,0,4.5
15167925,5.0,12.0,2.0,2.0,8.0,137.0,0,4.788109949191425
15167962,5.0,19.0,3.0,2.0,4.965516734411774,1151.02,0,4.197611800515102
15169890,5.0,14.0,3.0,1.0,5.76,798.94,0,4.70377358490566
15169906,5.0,30.0,3.0,1.0,5.090909090909091,651.0,0,4.444607753077348
15169669,5.0,3.0,1.0,0.0,7.0,90.78,0,3.9375
15169747,5.0,21.0,3.0,0.0,4.499999999449999,40.71,0,3.906976744186047
15169927,5.0,21.0,4.0,1.0,5.478260869565218,17438.21,0,4.862658132150598
15169899,5.0,23.0,3.0,1.0,6.000000000000001,3327.79,0,4.755364287497068
15169809,5.0,23.0,5.0,0.0,3.999999999999999,69.84,0,4.0
15169803,5.0,17.0,5.0,0.0,4.0,66.94,0,4.0
15169854,5.0,8.0,2.0,1.0,6.9999999992,50.35,0,4.673698309057426
15167895,5.0,12.0,1.0,2.0,9.0,73.35,0,4.788109949191425
15169762,5.0,6.0,4.0,0.0,4.363634197285128,292.15,0,4.235294117647059
15169941,5.0,5.0,5.0,1.0,4.846153846153846,21604.32,0,4.562068965517241
15167926,5.0,13.0,2.0,2.0,6.999999999199999,138.87,0,4.421602787456448
15167975,5.0,2.0,4.0,2.0,5.2682926829268295,4804.23,0,4.817647058823529
15169782,5.0,26.0,4.0,0.0,4.235294117647059,48.9,0,4.235294117647059
15167900,5.0,17.0,1.0,2.0,8.0,73.88,0,4.137718009567935
15167947,5.0,4.0,3.0,2.0,5.277486910994764,1259.98,0,4.057663023898163
15169687,5.0,21.0,1.0,0.0,9.0,91.65,0,3.906976744186047
15169932,5.0,26.0,4.0,1.0,5.399989585115303,13897.44,0,4.764212488350419
15169846,5.0,30.0,1.0,1.0,8.0,11.77,0,4.444607753077348
15170066,5.0,4.0,6.0,0.0,4.235294117647058,93.47,0,4.235294117647059
15169885,5.0,9.0,3.0,1.0,6.000000000000001,571.9,0,4.817454545454546
15169788,5.0,2.0,5.0,0.0,4.235294117647059,56.4,0,4.235294117647059
15170088,5.0,26.0,6.0,0.0,4.235294117647059,198.01,0,4.235294117647059
15169858,5.0,12.0,2.0,1.0,8.999998203072398,81.04,0,5.063916482125911
15169746,5.0,20.0,3.0,0.0,4.499999856916613,58.19,0,4.131147540983607
15169739,5.0,13.0,3.0,0.0,4.5,11.54,0,4.5
15167945,5.0,2.0,3.0,2.0,5.538461538461539,866.34,0,4.817647058823529
15169912,5.0,6.0,4.0,1.0,5.142857142857143,9410.02,0,4.487804878048781
15167992,5.0,19.0,4.0,2.0,4.909090909090909,9811.7,0,4.197611800515102
15167956,5.0,13.0,3.0,2.0,5.478260869565218,1225.58,0,4.421602787456448
15169897,5.0,21.0,3.0,1.0,6.000000000000001,2039.28,0,4.862658132150598
15169911,5.0,5.0,4.0,1.0,5.040000000000001,4588.71,0,4.562068965517241
15169933,5.0,27.0,4.0,1.0,5.4,7021.5,0,4.993326978074356
15169730,5.0,4.0,3.0,0.0,4.235294117647059,11.88,0,4.235294117647059
15167999,5.0,26.0,4.0,2.0,5.023255813953488,6843.29,0,4.513540621865597
15170071,5.0,9.0,6.0,0.0,4.5,198.96,0,4.5
15169766,5.0,10.0,4.0,0.0,3.999999857809164,96.89,0,3.958115183246073
15167994,5.0,21.0,4.0,2.0,5.142850483924612,12570.38,0,4.444206926036768
15167958,5.0,15.0,3.0,2.0,4.96551724137931,701.34,0,4.065984839564918
15167954,5.0,11.0,3.0,2.0,4.754716981132075,416.76,0,4.095240791597065
15169935,5.0,29.0,4.0,1.0,4.869565217391305,5633.98,0,4.36734693877551
15167904,5.0,21.0,1.0,2.0,9.0,75.39,0,4.444206926036768
15167915,5.0,2.0,2.0,2.0,7.999999999099993,154.5,0,4.817647058823529
15167909,5.0,26.0,1.0,2.0,9.0,77.82,0,4.513540621865597
15169807,5.0,21.0,5.0,0.0,3.9999969596933496,310.84,0,3.906976744186047
15169820,5.0,4.0,1.0,1.0,8.0,4.17,0,4.265790803436079
15169755,5.0,29.0,3.0,0.0,4.0,42.13,0,3.8153846153846143
15170087,5.0,25.0,6.0,0.0,4.235294117647059,3078.92,0,4.235294117647059
15169680,5.0,14.0,1.0,0.0,8.0,91.7,0,4.235294117647059
15167987,5.0,14.0,4.0,2.0,5.142857142857143,6376.69,0,4.414138254613703
15169703,5.0,7.0,2.0,0.0,4.5,98.34,0,4.363636363636364
15167884,5.0,1.0,1.0,2.0,7.0,73.73,0,3.8586572438162543
15169887,5.0,11.0,3.0,1.0,5.999985149468786,2247.15,0,4.395348837209304
15169756,5.0,30.0,3.0,0.0,3.999999929571419,52.85,0,3.884393063583815
15169801,5.0,15.0,5.0,0.0,3.9789473588148834,669.01,0,3.9685039370078736
15169910,5.0,4.0,4.0,1.0,4.965517241379311,12854.65,0,4.265790803436079
15170070,5.0,8.0,6.0,0.0,4.235294117647059,3588.67,0,4.235294117647059
15169713,5.0,17.0,2.0,0.0,4.0,92.06,0,4.0
15169696,5.0,30.0,1.0,0.0,8.0,91.6,0,3.884393063583815
15169834,5.0,18.0,1.0,1.0,8.999998505040933,4.19,0,5.234427946522087
15169862,5.0,16.0,2.0,1.0,7.999999966117963,60.98,0,4.838211191758371
15169891,5.0,15.0,3.0,1.0,5.5384614245480455,3209.91,0,4.3697428109948255
15169821,5.0,5.0,1.0,1.0,9.0,4.57,0,4.562068965517241
15170076,5.0,14.0,6.0,0.0,4.235294117647059,346.88,0,4.235294117647059
15167979,5.0,6.0,4.0,2.0,4.909090909090909,12180.77,0,4.290578887627696
15167988,5.0,15.0,4.0,2.0,4.602734749406324,5686.81,0,4.065984839564918
15167897,5.0,14.0,1.0,2.0,9.0,80.31,0,4.414138254613703
15169853,5.0,7.0,2.0,1.0,7.999999999099998,49.34,0,4.699738903394255
15167989,5.0,16.0,4.0,2.0,5.108101167829597,5928.27,0,4.565230278479584
15169741,5.0,15.0,3.0,0.0,4.0,24.97,0,3.9685039370078736
15169753,5.0,27.0,3.0,0.0,4.5,57.23,0,4.5
15168030,5.0,26.0,5.0,2.0,4.721311475409836,25932.21,0,4.513540621865597
15169902,5.0,26.0,3.0,1.0,6.0,2479.9,0,4.764212488350419
15169791,5.0,5.0,5.0,0.0,4.5,47.56,0,4.5
15169711,5.0,15.0,2.0,0.0,4.235294117123511,100.27,0,3.9685039370078736
15167977,5.0,4.0,4.0,2.0,4.602739726027398,4847.58,0,4.057663023898163
15167927,5.0,14.0,2.0,2.0,8.0,141.11,0,4.414138254613703
15167935,5.0,22.0,2.0,2.0,5.999999998600647,36.92,0,3.801926211290562
15168019,5.0,15.0,5.0,2.0,4.35734370312897,39680.24,0,4.065984839564918
15169724,5.0,28.0,2.0,0.0,4.0,14.34,0,3.84
15167899,5.0,16.0,1.0,2.0,8.999996333950563,73.95,0,4.565230278479584
15169822,5.0,6.0,1.0,1.0,9.0,4.98,0,4.487804878048781
15169921,5.0,15.0,4.0,1.0,4.965517241379311,20808.85,0,4.3697428109948255
15170079,5.0,17.0,6.0,0.0,3.999999864136347,65.54,0,4.0
15169872,5.0,26.0,2.0,1.0,7.999999999099999,204.04,0,4.764212488350419
15169684,5.0,18.0,1.0,0.0,9.0,91.62,0,4.344827586206897
15170084,5.0,22.0,6.0,0.0,3.574465166242021,3125.7,0,3.574468085106383
15167998,5.0,25.0,4.0,2.0,4.695652173913044,7824.14,0,4.316492496267777
15167937,5.0,24.0,2.0,2.0,7.0,140.88,0,4.442291658395203
15169697,5.0,1.0,2.0,0.0,4.0,95.61,0,3.7692307692307696
15169815,5.0,29.0,5.0,0.0,3.862068022778926,968.64,0,3.8153846153846143
15169896,5.0,20.0,3.0,1.0,6.000000000000001,1773.35,0,5.044471693034661
15169909,5.0,3.0,4.0,1.0,5.323943661971831,9796.25,0,4.45469597741082
15169751,5.0,25.0,3.0,0.0,4.2352941176470615,43.96,0,4.235294117647059
15169761,5.0,5.0,4.0,0.0,4.5,16.82,0,4.5
15167896,5.0,13.0,1.0,2.0,9.0,77.1,0,4.421602787456448
15169700,5.0,4.0,2.0,0.0,4.235294117647059,95.06,0,4.235294117647059
15169757,5.0,1.0,4.0,0.0,3.999999669408661,243.08,0,3.7692307692307696
15167990,5.0,17.0,4.0,2.0,4.666666666666666,7554.77,0,4.137718009567935
15169734,5.0,8.0,3.0,0.0,4.5,53.87,0,4.235294117647059
15170077,5.0,15.0,6.0,0.0,3.9789473684210535,13714.58,0,3.9685039370078736
15169715,5.0,19.0,2.0,0.0,4.235294117647059,93.92,0,4.235294117647059
15168026,5.0,22.0,5.0,2.0,4.0,13993.81,0,3.801926211290562
15167912,5.0,29.0,1.0,2.0,7.0,79.28,0,4.112804063084737
15169760,5.0,4.0,4.0,0.0,4.235294117647059,50.9,0,4.235294117647059
15170081,5.0,19.0,6.0,0.0,4.235293551353649,98.38,0,4.235294117647059
15169831,5.0,15.0,1.0,1.0,8.0,4.34,0,4.3697428109948255
15169811,5.0,25.0,5.0,0.0,4.235294117647059,884.19,0,4.235294117647059
15169904,5.0,28.0,3.0,1.0,4.799999331790168,561.11,0,4.190561797752809
15169743,5.0,17.0,3.0,0.0,4.0,11.79,0,4.0
15169869,5.0,23.0,2.0,1.0,7.999999998200002,76.51,0,4.755364287497068
15170078,5.0,16.0,6.0,0.0,4.36363084017325,2691.73,0,4.363636363636363
15169827,5.0,11.0,1.0,1.0,8.0,4.11,0,4.395348837209304
15169806,5.0,20.0,5.0,0.0,4.199999939288634,518.06,0,4.131147540983607
15169732,5.0,6.0,3.0,0.0,4.499999998472482,41.2,0,4.235294117647059
15170089,5.0,27.0,6.0,0.0,4.49999213376293,1515.25,0,4.5
15167898,5.0,15.0,1.0,2.0,8.0,193.0,0,4.065984839564918
15169914,5.0,8.0,4.0,1.0,5.4,10391.72,0,4.673698309057426
15167917,5.0,4.0,2.0,2.0,6.999998562975618,132.7,0,4.057663023898163
15169908,5.0,2.0,4.0,1.0,5.759993643134729,9669.0,0,5.101525340331311
15169812,5.0,26.0,5.0,0.0,4.235294117647054,158.77,0,4.235294117647059
15169851,5.0,5.0,2.0,1.0,6.999999999199998,54.15,0,4.562068965517241
15169674,5.0,8.0,1.0,0.0,9.0,91.62,0,4.235294117647059
15169784,5.0,28.0,4.0,0.0,4.0,136.05,0,3.84
15169850,5.0,4.0,2.0,1.0,5.999999999299999,130.97,0,4.265790803436079
15169670,5.0,4.0,1.0,0.0,8.0,90.78,0,4.235294117647059
15169828,5.0,12.0,1.0,1.0,8.999997500000001,4.28,0,5.063916482125911
15169868,5.0,22.0,2.0,1.0,6.0,50.28,0,3.879718616863175
15167901,5.0,18.0,1.0,2.0,8.999996000000008,79.46,0,4.928757396449704
15169917,5.0,11.0,4.0,1.0,4.99009900990099,20790.33,0,4.395348837209304
15169768,5.0,12.0,4.0,0.0,4.5,34.88,0,4.5
15168002,5.0,28.0,4.0,2.0,4.602739726027398,9013.53,0,4.019138755980861
15167964,5.0,21.0,3.0,2.0,5.76,1052.26,0,4.444206926036768
15169928,5.0,22.0,4.0,1.0,4.2,2841.49,0,3.879718616863175
15169900,5.0,24.0,3.0,1.0,5.999998729039708,1649.68,0,4.867132867132868
15169824,5.0,8.0,1.0,1.0,9.0,4.22,0,4.673698309057426
15169864,5.0,18.0,2.0,1.0,8.999999998999998,74.63,0,5.234427946522087
15169867,5.0,21.0,2.0,1.0,7.999999998199994,49.26,0,4.862658132150598
15169863,5.0,17.0,2.0,1.0,6.999999999199998,47.16,0,4.322709163346614
15169727,5.0,1.0,3.0,0.0,4.0,30.02,0,3.7692307692307696
15167985,5.0,12.0,4.0,2.0,5.268287130536906,4667.57,0,4.788109949191425
15167894,5.0,11.0,1.0,2.0,8.0,73.54,0,4.095240791597065
15169688,5.0,22.0,1.0,0.0,7.0,91.57,0,3.574468085106383
15167942,5.0,29.0,2.0,2.0,6.999999999199993,55.4,0,4.112804063084737
15169740,5.0,14.0,3.0,0.0,4.235294117647061,11.78,0,4.235294117647059
15169901,5.0,25.0,3.0,1.0,6.0,2991.47,0,4.5440346795014825
15167938,5.0,25.0,2.0,2.0,6.0,102.75,0,4.316492496267777
15169786,5.0,30.0,4.0,0.0,4.0,265.22,0,3.884393063583815
15167924,5.0,11.0,2.0,2.0,6.0,145.31,0,4.095240791597065
15169882,5.0,6.0,3.0,1.0,5.76,882.23,0,4.487804878048781
15169965,5.0,29.0,5.0,1.0,4.666660220526044,22273.24,0,4.36734693877551
15169800,5.0,14.0,5.0,0.0,4.235294117647059,412.69,0,4.235294117647059
15169689,5.0,23.0,1.0,0.0,8.0,91.57,0,4.0
15167959,5.0,16.0,3.0,2.0,5.478260869565218,974.79,0,4.565230278479584
15169881,5.0,5.0,3.0,1.0,5.478260869565218,814.17,0,4.562068965517241
15167984,5.0,11.0,4.0,2.0,4.695652173913043,9999.62,0,4.095240791597065
15167949,5.0,6.0,3.0,2.0,5.142850129366457,887.08,0,4.290578887627696
15169771,5.0,15.0,4.0,0.0,4.0,117.04,0,3.9685039370078736
15167996,5.0,23.0,4.0,2.0,4.87741935483871,6554.01,0,4.4663845258045285
15169930,5.0,24.0,4.0,1.0,5.478260869565218,13100.13,0,4.867132867132868
15169915,5.0,9.0,4.0,1.0,5.999967164772794,8317.63,0,4.817454545454546
15169804,5.0,18.0,5.0,0.0,4.363636136797571,464.25,0,4.344827586206897
15167963,5.0,20.0,3.0,2.0,5.76,792.78,0,4.689603421753649
15169709,5.0,13.0,2.0,0.0,4.5,93.44,0,4.5
15167933,5.0,20.0,2.0,2.0,8.0,136.94,0,4.689603421753649
15169735,5.0,9.0,3.0,0.0,4.5,16.76,0,4.5
15169793,5.0,7.0,5.0,0.0,4.363636363636364,1024.49,0,4.363636363636364
15169792,5.0,6.0,5.0,0.0,4.363628952754793,1349.7,0,4.235294117647059
15169817,5.0,1.0,1.0,1.0,7.0,4.56,0,4.0
15167982,5.0,9.0,4.0,2.0,5.4,10223.29,0,4.546391752577319
15169894,5.0,18.0,3.0,1.0,6.000000000000001,1786.62,0,5.234427946522087
15167955,5.0,12.0,3.0,2.0,5.76,506.37,0,4.788109949191425
15169675,5.0,9.0,1.0,0.0,9.0,91.62,0,4.5
15167932,5.0,19.0,2.0,2.0,6.0,189.15,0,4.197611800515102
15169744,5.0,18.0,3.0,0.0,4.5,19.06,0,4.344827586206897
15167914,5.0,1.0,2.0,2.0,6.999999999199999,136.58,0,3.8586572438162543
15169857,5.0,11.0,2.0,1.0,7.0,64.37,0,4.395348837209304
15169898,5.0,22.0,3.0,1.0,4.421050830541635,846.55,0,3.879718616863175
15169871,5.0,25.0,2.0,1.0,7.0,84.63,0,4.5440346795014825
15169764,5.0,8.0,4.0,0.0,4.235294116134621,238.29,0,4.235294117647059
15169893,5.0,17.0,3.0,1.0,5.090907507769853,1380.65,0,4.322709163346614
15169759,5.0,3.0,4.0,0.0,4.0,75.24,0,3.9375
15169895,5.0,19.0,3.0,1.0,5.538461538461538,1504.82,0,4.482490272373541
15169752,5.0,26.0,3.0,0.0,4.235294117647059,21.48,0,4.235294117647059
15167889,5.0,6.0,1.0,2.0,9.0,81.59,0,4.290578887627696
15169840,5.0,24.0,1.0,1.0,9.0,4.71,0,4.867132867132868
15169668,5.0,2.0,1.0,0.0,8.0,91.81,0,4.235294117647059
15169925,5.0,19.0,4.0,1.0,4.965517241379311,7342.48,0,4.482490272373541
15169874,5.0,28.0,2.0,1.0,6.0,43.64,0,4.190561797752809
15170080,5.0,18.0,6.0,0.0,4.363631288252885,1037.91,0,4.344827586206897
15169702,5.0,6.0,2.0,0.0,4.5,118.28,0,4.235294117647059
15167966,5.0,23.0,3.0,2.0,5.277486910994764,654.21,0,4.4663845258045285
15167921,5.0,8.0,2.0,2.0,6.0,200.29,0,4.402553373446138
15169721,5.0,25.0,2.0,0.0,4.499999999449999,11.01,0,4.235294117647059
15169877,5.0,1.0,3.0,1.0,4.66666167742959,1193.28,0,4.0
15167991,5.0,18.0,4.0,2.0,5.2682926829268295,7247.21,0,4.928757396449704
15169841,5.0,25.0,1.0,1.0,8.0,4.57,0,4.5440346795014825
15169884,5.0,8.0,3.0,1.0,5.999987442262709,1830.27,0,4.673698309057426
15169695,5.0,29.0,1.0,0.0,7.0,91.8,0,3.8153846153846143
15169883,5.0,7.0,3.0,1.0,5.76,1435.91,0,4.699738903394255
15167970,5.0,27.0,3.0,2.0,5.999991882938094,340.54,0,4.882697947214076
15169816,5.0,30.0,5.0,0.0,3.906976727002904,1351.95,0,3.884393063583815
15170069,5.0,7.0,6.0,0.0,4.363636363636364,7973.97,0,4.363636363636364
15169838,5.0,22.0,1.0,1.0,7.0,4.47,0,3.879718616863175
15169716,5.0,20.0,2.0,0.0,4.499999999449999,107.3,0,4.131147540983607
15167888,5.0,5.0,1.0,2.0,9.0,134.93,0,4.349482903195752
15170092,5.0,30.0,6.0,0.0,3.9069767441860463,2126.63,0,3.884393063583815
15169843,5.0,27.0,1.0,1.0,9.0,4.13,0,4.993326978074356
15169677,5.0,11.0,1.0,0.0,7.0,90.72,0,3.824846888961212
15167886,5.0,3.0,1.0,2.0,8.99997859295287,78.96,0,4.1104140526976165
15167976,5.0,3.0,4.0,2.0,4.666666666666667,7373.91,0,4.1104140526976165
15167960,5.0,17.0,3.0,2.0,5.090909090909091,1603.8,0,4.137718009567935
15169690,5.0,24.0,1.0,0.0,9.0,92.69,0,3.929824561403509
15169692,5.0,26.0,1.0,0.0,8.0,90.56,0,4.235294117647059
15169833,5.0,17.0,1.0,1.0,7.999997972735759,4.83,0,4.322709163346614
15169832,5.0,16.0,1.0,1.0,9.0,4.15,0,4.838211191758371
15167941,5.0,28.0,2.0,2.0,7.0,52.99,0,4.019138755980861
15170065,5.0,3.0,6.0,0.0,3.9789473684210535,2013.25,0,3.9375
15169765,5.0,9.0,4.0,0.0,4.500000000000014,30.33,0,4.5
15169733,5.0,7.0,3.0,0.0,4.499999938049993,17.68,0,4.363636363636364
15167980,5.0,7.0,4.0,2.0,4.909085132576213,17631.44,0,4.299420625724218
15169924,5.0,18.0,4.0,1.0,5.76,12308.5,0,5.234427946522087
15169880,5.0,4.0,3.0,1.0,4.965516252221025,560.94,0,4.265790803436079
15169719,5.0,23.0,2.0,0.0,4.499998735292833,13.71,0,4.0
15169736,5.0,10.0,3.0,0.0,3.999999999999999,30.24,0,3.958115183246073
15169922,5.0,16.0,4.0,1.0,5.277486910994765,16285.34,0,4.838211191758371
15169875,5.0,29.0,2.0,1.0,7.0,43.15,0,4.36734693877551
15167929,5.0,16.0,2.0,2.0,7.0,245.58,0,4.565230278479584
15168001,5.0,27.0,4.0,2.0,5.4,6347.71,0,4.882697947214076
15169683,5.0,17.0,1.0,0.0,8.0,91.63,0,4.0
15169819,5.0,3.0,1.0,1.0,9.0,4.25,0,4.45469597741082
15167940,5.0,27.0,2.0,2.0,8.999997663017917,35.57,0,4.882697947214076
15169737,5.0,11.0,3.0,0.0,4.000000000000001,54.1,0,3.824846888961212
15167946,5.0,3.0,3.0,2.0,5.04,665.54,0,4.1104140526976165
15167919,5.0,6.0,2.0,2.0,6.0,135.85,0,4.290578887627696
15169691,5.0,25.0,1.0,0.0,8.0,90.48,0,4.235294117647059
15169839,5.0,23.0,1.0,1.0,7.999999999999998,4.09,0,4.755364287497068
15167978,5.0,5.0,4.0,2.0,5.040000000000001,7363.24,0,4.349482903195752
15169829,5.0,13.0,1.0,1.0,9.0,4.3,0,4.676470588235294
15167974,5.0,1.0,4.0,2.0,4.200000000000001,8096.17,0,3.8586572438162543
15169785,5.0,29.0,4.0,0.0,3.9069767107050577,214.01,0,3.8153846153846143
15170075,5.0,13.0,6.0,0.0,4.5,74.84,0,4.5
15169931,5.0,25.0,4.0,1.0,5.277486910994764,9755.38,0,4.5440346795014825
15169708,5.0,12.0,2.0,0.0,4.5,92.48,0,4.5
15170072,5.0,10.0,6.0,0.0,3.968503862733492,1948.73,0,3.958115183246073
15169879,5.0,3.0,3.0,1.0,5.478260695170484,580.75,0,4.45469597741082
15169671,5.0,5.0,1.0,0.0,9.0,90.56,0,4.5
15169780,5.0,24.0,4.0,0.0,3.999999944694435,163.97,0,3.929824561403509
15167965,5.0,22.0,3.0,2.0,4.421052631578947,544.84,0,3.801926211290562
15167968,5.0,25.0,3.0,2.0,4.96551724137931,957.94,0,4.316492496267777
15169667,5.0,1.0,1.0,0.0,7.0,91.75,0,3.7692307692307696
15169886,5.0,10.0,3.0,1.0,5.277478400675871,631.92,0,4.452376011620668
15169685,5.0,19.0,1.0,0.0,8.0,91.63,0,4.235294117647059
15169892,5.0,16.0,3.0,1.0,5.76,1110.83,0,4.838211191758371
15167953,5.0,10.0,3.0,2.0,4.869565217391305,384.59,0,4.166178623718888
15169905,5.0,29.0,3.0,1.0,4.869564575257081,515.99,0,4.36734693877551
15169723,5.0,27.0,2.0,0.0,4.5,19.21,0,4.5
15167907,5.0,24.0,1.0,2.0,8.999996452793852,78.58,0,4.442291658395203
15169798,5.0,12.0,5.0,0.0,4.5,49.25,0,4.5
15167902,5.0,19.0,1.0,2.0,8.0,131.11,0,4.197611800515102
15169783,5.0,27.0,4.0,0.0,4.499999400178552,288.38,0,4.5
15167923,5.0,10.0,2.0,2.0,6.999999999199998,113.32,0,4.166178623718888
15169903,5.0,27.0,3.0,1.0,6.000000000000001,215.71,0,4.993326978074356
15169729,5.0,3.0,3.0,0.0,4.0,23.01,0,3.9375
15169758,5.0,2.0,4.0,0.0,4.235294117647059,36.93,0,4.235294117647059
15167948,5.0,5.0,3.0,2.0,5.478260869565218,1183.01,0,4.349482903195752
15167936,5.0,23.0,2.0,2.0,7.0,71.83,0,4.4663845258045285
15167920,5.0,7.0,2.0,2.0,5.999999999999999,144.48,0,4.299420625724218
15169794,5.0,8.0,5.0,0.0,4.235294117647059,865.45,0,4.235294117647059
15169763,5.0,7.0,4.0,0.0,4.363636203547521,58.53,0,4.363636363636364
15169852,5.0,6.0,2.0,1.0,6.0,54.83,0,4.487804878048781
15169774,5.0,18.0,4.0,0.0,4.363636178130909,136.44,0,4.344827586206897
15167972,5.0,29.0,3.0,2.0,4.666666666666666,436.63,0,4.112804063084737
15169787,5.0,1.0,5.0,0.0,3.8181818181818175,921.98,0,3.7692307692307696
15167981,5.0,8.0,4.0,2.0,4.90909090909091,7394.05,0,4.402553373446138
15167908,5.0,25.0,1.0,2.0,7.999999999999998,78.21,0,4.316492496267777
15169936,5.0,30.0,4.0,1.0,4.800000000000001,7658.3,0,4.444607753077348
15169823,5.0,7.0,1.0,1.0,9.0,4.32,0,4.699738903394255
15169964,5.0,28.0,5.0,1.0,4.375,25541.46,0,4.190561797752809
15167903,5.0,20.0,1.0,2.0,9.0,75.38,0,4.689603421753649
15170086,5.0,24.0,6.0,0.0,4.0,8372.42,0,3.929824561403509
15169934,5.0,28.0,4.0,1.0,4.602739726027398,4756.75,0,4.190561797752809
15169748,5.0,22.0,3.0,0.0,4.0,78.33,0,3.574468085106383
15167913,5.0,30.0,1.0,2.0,8.0,71.72,0,4.229607250755287
15169750,5.0,24.0,3.0,0.0,4.499999548355579,77.4,0,3.929824561403509
15167944,5.0,1.0,3.0,2.0,4.666666666666666,1287.12,0,3.8586572438162543
15167961,5.0,18.0,3.0,2.0,5.76,1943.82,0,4.928757396449704
15169876,5.0,30.0,2.0,1.0,7.0,44.58,0,4.444607753077348
15169707,5.0,11.0,2.0,0.0,4.5,101.92,0,3.824846888961212
15169837,5.0,21.0,1.0,1.0,9.0,4.3,0,4.862658132150598
15169873,5.0,27.0,2.0,1.0,8.999999998999998,55.86,0,4.993326978074356
15167997,5.0,24.0,4.0,2.0,5.108108108108109,13050.83,0,4.442291658395203
15169835,5.0,19.0,1.0,1.0,8.0,4.26,0,4.482490272373541
15169770,5.0,14.0,4.0,0.0,4.235294117647059,76.41,0,4.235294117647059
15167993,5.0,20.0,4.0,2.0,5.142857142857143,5759.14,0,4.689603421753649
15170068,5.0,6.0,6.0,0.0,4.363628093447164,4132.09,0,4.235294117647059
15170074,5.0,12.0,6.0,0.0,4.5,72.29,0,4.5
15170085,5.0,23.0,6.0,0.0,4.0,77.93,0,4.0
15169767,5.0,11.0,4.0,0.0,4.0,199.88,0,3.824846888961212
15169923,5.0,17.0,4.0,1.0,4.869565217391305,6391.6,0,4.322709163346614
15169754,5.0,28.0,3.0,0.0,4.000000000000002,33.74,0,3.84
15167951,5.0,8.0,3.0,2.0,5.142856907833123,563.9,0,4.402553373446138
15169919,5.0,13.0,4.0,1.0,5.478260869565218,8608.53,0,4.676470588235294
15169825,5.0,9.0,1.0,1.0,8.999997499999985,4.66,0,4.817454545454546
15169728,5.0,2.0,3.0,0.0,4.235294117647059,18.04,0,4.235294117647059
15167983,5.0,10.0,4.0,2.0,4.638036809815951,7601.14,0,4.166178623718888
15169706,5.0,10.0,2.0,0.0,4.235294117647059,94.78,0,3.958115183246073
15167969,5.0,26.0,3.0,2.0,5.76,794.47,0,4.513540621865597
15169693,5.0,27.0,1.0,0.0,9.0,91.28,0,4.5
15169673,5.0,7.0,1.0,0.0,9.0,91.71,0,4.363636363636364
15169845,5.0,29.0,1.0,1.0,6.999999999199999,4.32,0,4.36734693877551
15169889,5.0,13.0,3.0,1.0,5.478260869565218,568.46,0,4.676470588235294
15168004,5.0,30.0,4.0,2.0,4.8,6206.49,0,4.229607250755287
15169888,5.0,12.0,3.0,1.0,5.999999374770134,1984.39,0,5.063916482125911
15169859,5.0,13.0,2.0,1.0,7.0,51.58,0,4.676470588235294
15169777,5.0,21.0,4.0,0.0,4.0,135.01,0,3.906976744186047
15169773,5.0,17.0,4.0,0.0,4.0,20.59,0,4.0
15169847,5.0,1.0,2.0,1.0,6.999999998399997,72.52,0,4.0
15169826,5.0,10.0,1.0,1.0,8.0,4.16,0,4.452376011620668
15170073,5.0,11.0,6.0,0.0,3.900928792569659,6804.34,0,3.824846888961212
15169775,5.0,19.0,4.0,0.0,4.235294117647059,22.3,0,4.235294117647059
15167930,5.0,17.0,2.0,2.0,7.0,244.38,0,4.137718009567935
15167931,5.0,18.0,2.0,2.0,8.0,175.94,0,4.928757396449704
15169797,5.0,11.0,5.0,0.0,4.0,4081.39,0,3.824846888961212
15169704,5.0,8.0,2.0,0.0,4.49999999944999,112.46,0,4.235294117647059
15169790,5.0,4.0,5.0,0.0,4.235294117647059,101.91,0,4.235294117647059
15169712,5.0,16.0,2.0,0.0,4.5,108.43,0,4.363636363636363
15169672,5.0,6.0,1.0,0.0,9.0,90.92,0,4.235294117647059
15167939,5.0,26.0,2.0,2.0,8.0,56.33,0,4.513540621865597
15168017,5.0,13.0,5.0,2.0,4.846153846153846,37340.81,0,4.421602787456448
15169958,5.0,22.0,5.0,1.0,4.038461538461538,21171.04,0,3.879718616863175
15169865,5.0,19.0,2.0,1.0,7.999999999099947,66.51,0,4.482490272373541
15169781,5.0,25.0,4.0,0.0,4.235293905501171,80.76,0,4.235294117647059
15167906,5.0,23.0,1.0,2.0,8.0,75.52,0,4.4663845258045285
15169808,5.0,22.0,5.0,0.0,3.5744679539604456,927.32,0,3.574468085106383
15167893,5.0,10.0,1.0,2.0,7.999999999999998,131.44,0,4.166178623718888
